--
-- PostgreSQL database dump
--

-- Dumped from database version 12.18 (Ubuntu 12.18-0ubuntu0.20.04.1)
-- Dumped by pg_dump version 12.18 (Ubuntu 12.18-0ubuntu0.20.04.1)

SET statement_timeout = 0;
SET lock_timeout = 0;
SET idle_in_transaction_session_timeout = 0;
SET client_encoding = 'UTF8';
SET standard_conforming_strings = on;
SELECT pg_catalog.set_config('search_path', '', false);
SET check_function_bodies = false;
SET xmloption = content;
SET client_min_messages = warning;
SET row_security = off;

SET default_tablespace = '';

SET default_table_access_method = heap;

--
-- Name: auth_group; Type: TABLE; Schema: public; Owner: admin
--

CREATE TABLE public.auth_group (
    id integer NOT NULL,
    name character varying(150) NOT NULL
);


ALTER TABLE public.auth_group OWNER TO admin;

--
-- Name: auth_group_id_seq; Type: SEQUENCE; Schema: public; Owner: admin
--

ALTER TABLE public.auth_group ALTER COLUMN id ADD GENERATED BY DEFAULT AS IDENTITY (
    SEQUENCE NAME public.auth_group_id_seq
    START WITH 1
    INCREMENT BY 1
    NO MINVALUE
    NO MAXVALUE
    CACHE 1
);


--
-- Name: auth_group_permissions; Type: TABLE; Schema: public; Owner: admin
--

CREATE TABLE public.auth_group_permissions (
    id bigint NOT NULL,
    group_id integer NOT NULL,
    permission_id integer NOT NULL
);


ALTER TABLE public.auth_group_permissions OWNER TO admin;

--
-- Name: auth_group_permissions_id_seq; Type: SEQUENCE; Schema: public; Owner: admin
--

ALTER TABLE public.auth_group_permissions ALTER COLUMN id ADD GENERATED BY DEFAULT AS IDENTITY (
    SEQUENCE NAME public.auth_group_permissions_id_seq
    START WITH 1
    INCREMENT BY 1
    NO MINVALUE
    NO MAXVALUE
    CACHE 1
);


--
-- Name: auth_permission; Type: TABLE; Schema: public; Owner: admin
--

CREATE TABLE public.auth_permission (
    id integer NOT NULL,
    name character varying(255) NOT NULL,
    content_type_id integer NOT NULL,
    codename character varying(100) NOT NULL
);


ALTER TABLE public.auth_permission OWNER TO admin;

--
-- Name: auth_permission_id_seq; Type: SEQUENCE; Schema: public; Owner: admin
--

ALTER TABLE public.auth_permission ALTER COLUMN id ADD GENERATED BY DEFAULT AS IDENTITY (
    SEQUENCE NAME public.auth_permission_id_seq
    START WITH 1
    INCREMENT BY 1
    NO MINVALUE
    NO MAXVALUE
    CACHE 1
);


--
-- Name: django_admin_log; Type: TABLE; Schema: public; Owner: admin
--

CREATE TABLE public.django_admin_log (
    id integer NOT NULL,
    action_time timestamp with time zone NOT NULL,
    object_id text,
    object_repr character varying(200) NOT NULL,
    action_flag smallint NOT NULL,
    change_message text NOT NULL,
    content_type_id integer,
    user_id bigint NOT NULL,
    CONSTRAINT django_admin_log_action_flag_check CHECK ((action_flag >= 0))
);


ALTER TABLE public.django_admin_log OWNER TO admin;

--
-- Name: django_admin_log_id_seq; Type: SEQUENCE; Schema: public; Owner: admin
--

ALTER TABLE public.django_admin_log ALTER COLUMN id ADD GENERATED BY DEFAULT AS IDENTITY (
    SEQUENCE NAME public.django_admin_log_id_seq
    START WITH 1
    INCREMENT BY 1
    NO MINVALUE
    NO MAXVALUE
    CACHE 1
);


--
-- Name: django_content_type; Type: TABLE; Schema: public; Owner: admin
--

CREATE TABLE public.django_content_type (
    id integer NOT NULL,
    app_label character varying(100) NOT NULL,
    model character varying(100) NOT NULL
);


ALTER TABLE public.django_content_type OWNER TO admin;

--
-- Name: django_content_type_id_seq; Type: SEQUENCE; Schema: public; Owner: admin
--

ALTER TABLE public.django_content_type ALTER COLUMN id ADD GENERATED BY DEFAULT AS IDENTITY (
    SEQUENCE NAME public.django_content_type_id_seq
    START WITH 1
    INCREMENT BY 1
    NO MINVALUE
    NO MAXVALUE
    CACHE 1
);


--
-- Name: django_migrations; Type: TABLE; Schema: public; Owner: admin
--

CREATE TABLE public.django_migrations (
    id bigint NOT NULL,
    app character varying(255) NOT NULL,
    name character varying(255) NOT NULL,
    applied timestamp with time zone NOT NULL
);


ALTER TABLE public.django_migrations OWNER TO admin;

--
-- Name: django_migrations_id_seq; Type: SEQUENCE; Schema: public; Owner: admin
--

ALTER TABLE public.django_migrations ALTER COLUMN id ADD GENERATED BY DEFAULT AS IDENTITY (
    SEQUENCE NAME public.django_migrations_id_seq
    START WITH 1
    INCREMENT BY 1
    NO MINVALUE
    NO MAXVALUE
    CACHE 1
);


--
-- Name: django_session; Type: TABLE; Schema: public; Owner: admin
--

CREATE TABLE public.django_session (
    session_key character varying(40) NOT NULL,
    session_data text NOT NULL,
    expire_date timestamp with time zone NOT NULL
);


ALTER TABLE public.django_session OWNER TO admin;

--
-- Name: reports_answer; Type: TABLE; Schema: public; Owner: admin
--

CREATE TABLE public.reports_answer (
    id bigint NOT NULL,
    option_id bigint,
    question_id bigint NOT NULL,
    s_report_id bigint NOT NULL,
    bool_value boolean,
    points numeric(5,1) NOT NULL,
    number_value numeric(5,1) NOT NULL,
    is_mod_by_ter boolean NOT NULL
);


ALTER TABLE public.reports_answer OWNER TO admin;

--
-- Name: reports_answer_id_seq; Type: SEQUENCE; Schema: public; Owner: admin
--

ALTER TABLE public.reports_answer ALTER COLUMN id ADD GENERATED BY DEFAULT AS IDENTITY (
    SEQUENCE NAME public.reports_answer_id_seq
    START WITH 1
    INCREMENT BY 1
    NO MINVALUE
    NO MAXVALUE
    CACHE 1
);


--
-- Name: reports_attachment; Type: TABLE; Schema: public; Owner: admin
--

CREATE TABLE public.reports_attachment (
    id bigint NOT NULL,
    name character varying(750) NOT NULL,
    attachment_type character varying(3),
    report_id bigint NOT NULL
);


ALTER TABLE public.reports_attachment OWNER TO admin;

--
-- Name: reports_attachment_id_seq; Type: SEQUENCE; Schema: public; Owner: admin
--

ALTER TABLE public.reports_attachment ALTER COLUMN id ADD GENERATED BY DEFAULT AS IDENTITY (
    SEQUENCE NAME public.reports_attachment_id_seq
    START WITH 1
    INCREMENT BY 1
    NO MINVALUE
    NO MAXVALUE
    CACHE 1
);


--
-- Name: reports_field; Type: TABLE; Schema: public; Owner: admin
--

CREATE TABLE public.reports_field (
    id bigint NOT NULL,
    number character varying(500) NOT NULL,
    name character varying(750) NOT NULL,
    section_id bigint NOT NULL,
    note text
);


ALTER TABLE public.reports_field OWNER TO admin;

--
-- Name: reports_field_id_seq; Type: SEQUENCE; Schema: public; Owner: admin
--

ALTER TABLE public.reports_field ALTER COLUMN id ADD GENERATED BY DEFAULT AS IDENTITY (
    SEQUENCE NAME public.reports_field_id_seq
    START WITH 1
    INCREMENT BY 1
    NO MINVALUE
    NO MAXVALUE
    CACHE 1
);


--
-- Name: reports_option; Type: TABLE; Schema: public; Owner: admin
--

CREATE TABLE public.reports_option (
    id bigint NOT NULL,
    name character varying(250) NOT NULL,
    points numeric(5,1) NOT NULL,
    question_id bigint NOT NULL
);


ALTER TABLE public.reports_option OWNER TO admin;

--
-- Name: reports_option_id_seq; Type: SEQUENCE; Schema: public; Owner: admin
--

ALTER TABLE public.reports_option ALTER COLUMN id ADD GENERATED BY DEFAULT AS IDENTITY (
    SEQUENCE NAME public.reports_option_id_seq
    START WITH 1
    INCREMENT BY 1
    NO MINVALUE
    NO MAXVALUE
    CACHE 1
);


--
-- Name: reports_question; Type: TABLE; Schema: public; Owner: admin
--

CREATE TABLE public.reports_question (
    id bigint NOT NULL,
    answer_type character varying(5) NOT NULL,
    bool_points numeric(5,1) NOT NULL,
    name character varying(750),
    field_id bigint NOT NULL,
    note text
);


ALTER TABLE public.reports_question OWNER TO admin;

--
-- Name: reports_question_id_seq; Type: SEQUENCE; Schema: public; Owner: admin
--

ALTER TABLE public.reports_question ALTER COLUMN id ADD GENERATED BY DEFAULT AS IDENTITY (
    SEQUENCE NAME public.reports_question_id_seq
    START WITH 1
    INCREMENT BY 1
    NO MINVALUE
    NO MAXVALUE
    CACHE 1
);


--
-- Name: reports_rangeoption; Type: TABLE; Schema: public; Owner: admin
--

CREATE TABLE public.reports_rangeoption (
    id bigint NOT NULL,
    range_type character varying(1) NOT NULL,
    less_or_equal numeric(5,1),
    greater_or_equal numeric(5,1),
    question_id bigint NOT NULL,
    equal numeric(5,1),
    points numeric(5,1) NOT NULL
);


ALTER TABLE public.reports_rangeoption OWNER TO admin;

--
-- Name: reports_rangeoption_id_seq; Type: SEQUENCE; Schema: public; Owner: admin
--

ALTER TABLE public.reports_rangeoption ALTER COLUMN id ADD GENERATED BY DEFAULT AS IDENTITY (
    SEQUENCE NAME public.reports_rangeoption_id_seq
    START WITH 1
    INCREMENT BY 1
    NO MINVALUE
    NO MAXVALUE
    CACHE 1
);


--
-- Name: reports_report; Type: TABLE; Schema: public; Owner: admin
--

CREATE TABLE public.reports_report (
    id bigint NOT NULL,
    year integer NOT NULL,
    name character varying(750) NOT NULL,
    is_published boolean NOT NULL
);


ALTER TABLE public.reports_report OWNER TO admin;

--
-- Name: reports_report_id_seq; Type: SEQUENCE; Schema: public; Owner: admin
--

ALTER TABLE public.reports_report ALTER COLUMN id ADD GENERATED BY DEFAULT AS IDENTITY (
    SEQUENCE NAME public.reports_report_id_seq
    START WITH 1
    INCREMENT BY 1
    NO MINVALUE
    NO MAXVALUE
    CACHE 1
);


--
-- Name: reports_reportfile; Type: TABLE; Schema: public; Owner: admin
--

CREATE TABLE public.reports_reportfile (
    id bigint NOT NULL,
    file character varying(200),
    attachment_id bigint NOT NULL,
    s_report_id bigint NOT NULL
);


ALTER TABLE public.reports_reportfile OWNER TO admin;

--
-- Name: reports_reportfile_id_seq; Type: SEQUENCE; Schema: public; Owner: admin
--

ALTER TABLE public.reports_reportfile ALTER COLUMN id ADD GENERATED BY DEFAULT AS IDENTITY (
    SEQUENCE NAME public.reports_reportfile_id_seq
    START WITH 1
    INCREMENT BY 1
    NO MINVALUE
    NO MAXVALUE
    CACHE 1
);


--
-- Name: reports_reportzone; Type: TABLE; Schema: public; Owner: admin
--

CREATE TABLE public.reports_reportzone (
    id bigint NOT NULL,
    zone character varying(5) NOT NULL,
    closter_id bigint NOT NULL,
    report_id bigint NOT NULL,
    range_type character varying(1) NOT NULL,
    greater_or_equal numeric(5,1),
    less_or_equal numeric(5,1),
    ed_level character varying(2) NOT NULL
);


ALTER TABLE public.reports_reportzone OWNER TO admin;

--
-- Name: reports_reportzone_id_seq; Type: SEQUENCE; Schema: public; Owner: admin
--

ALTER TABLE public.reports_reportzone ALTER COLUMN id ADD GENERATED BY DEFAULT AS IDENTITY (
    SEQUENCE NAME public.reports_reportzone_id_seq
    START WITH 1
    INCREMENT BY 1
    NO MINVALUE
    NO MAXVALUE
    CACHE 1
);


--
-- Name: reports_schoolreport; Type: TABLE; Schema: public; Owner: admin
--

CREATE TABLE public.reports_schoolreport (
    id bigint NOT NULL,
    report_id bigint NOT NULL,
    school_id bigint NOT NULL,
    status character varying(1) NOT NULL,
    is_ready boolean NOT NULL
);


ALTER TABLE public.reports_schoolreport OWNER TO admin;

--
-- Name: reports_schoolreport_id_seq; Type: SEQUENCE; Schema: public; Owner: admin
--

ALTER TABLE public.reports_schoolreport ALTER COLUMN id ADD GENERATED BY DEFAULT AS IDENTITY (
    SEQUENCE NAME public.reports_schoolreport_id_seq
    START WITH 1
    INCREMENT BY 1
    NO MINVALUE
    NO MAXVALUE
    CACHE 1
);


--
-- Name: reports_section; Type: TABLE; Schema: public; Owner: admin
--

CREATE TABLE public.reports_section (
    id bigint NOT NULL,
    number character varying(500),
    name character varying(500) NOT NULL,
    report_id bigint NOT NULL,
    note text
);


ALTER TABLE public.reports_section OWNER TO admin;

--
-- Name: reports_section_id_seq; Type: SEQUENCE; Schema: public; Owner: admin
--

ALTER TABLE public.reports_section ALTER COLUMN id ADD GENERATED BY DEFAULT AS IDENTITY (
    SEQUENCE NAME public.reports_section_id_seq
    START WITH 1
    INCREMENT BY 1
    NO MINVALUE
    NO MAXVALUE
    CACHE 1
);


--
-- Name: schools_school; Type: TABLE; Schema: public; Owner: admin
--

CREATE TABLE public.schools_school (
    id bigint NOT NULL,
    name character varying(500),
    short_name character varying(125),
    email character varying(254),
    city character varying(250),
    number integer,
    principal_id bigint,
    school_type_id bigint,
    ter_admin_id bigint NOT NULL,
    closter_id bigint,
    ais_id integer,
    ed_level character varying(2)
);


ALTER TABLE public.schools_school OWNER TO admin;

--
-- Name: schools_school_id_seq; Type: SEQUENCE; Schema: public; Owner: admin
--

ALTER TABLE public.schools_school ALTER COLUMN id ADD GENERATED BY DEFAULT AS IDENTITY (
    SEQUENCE NAME public.schools_school_id_seq
    START WITH 1
    INCREMENT BY 1
    NO MINVALUE
    NO MAXVALUE
    CACHE 1
);


--
-- Name: schools_schoolcloster; Type: TABLE; Schema: public; Owner: admin
--

CREATE TABLE public.schools_schoolcloster (
    id bigint NOT NULL,
    name character varying(250) NOT NULL
);


ALTER TABLE public.schools_schoolcloster OWNER TO admin;

--
-- Name: schools_schoolcloster_id_seq; Type: SEQUENCE; Schema: public; Owner: admin
--

ALTER TABLE public.schools_schoolcloster ALTER COLUMN id ADD GENERATED BY DEFAULT AS IDENTITY (
    SEQUENCE NAME public.schools_schoolcloster_id_seq
    START WITH 1
    INCREMENT BY 1
    NO MINVALUE
    NO MAXVALUE
    CACHE 1
);


--
-- Name: schools_schooltype; Type: TABLE; Schema: public; Owner: admin
--

CREATE TABLE public.schools_schooltype (
    id bigint NOT NULL,
    name character varying(250) NOT NULL,
    short_name character varying(125) NOT NULL
);


ALTER TABLE public.schools_schooltype OWNER TO admin;

--
-- Name: schools_schooltype_id_seq; Type: SEQUENCE; Schema: public; Owner: admin
--

ALTER TABLE public.schools_schooltype ALTER COLUMN id ADD GENERATED BY DEFAULT AS IDENTITY (
    SEQUENCE NAME public.schools_schooltype_id_seq
    START WITH 1
    INCREMENT BY 1
    NO MINVALUE
    NO MAXVALUE
    CACHE 1
);


--
-- Name: schools_teradmin; Type: TABLE; Schema: public; Owner: admin
--

CREATE TABLE public.schools_teradmin (
    id bigint NOT NULL,
    name character varying(250) NOT NULL,
    representative_id bigint
);


ALTER TABLE public.schools_teradmin OWNER TO admin;

--
-- Name: schools_teradmin_id_seq; Type: SEQUENCE; Schema: public; Owner: admin
--

ALTER TABLE public.schools_teradmin ALTER COLUMN id ADD GENERATED BY DEFAULT AS IDENTITY (
    SEQUENCE NAME public.schools_teradmin_id_seq
    START WITH 1
    INCREMENT BY 1
    NO MINVALUE
    NO MAXVALUE
    CACHE 1
);


--
-- Name: users_group; Type: TABLE; Schema: public; Owner: admin
--

CREATE TABLE public.users_group (
    group_ptr_id integer NOT NULL
);


ALTER TABLE public.users_group OWNER TO admin;

--
-- Name: users_notification; Type: TABLE; Schema: public; Owner: admin
--

CREATE TABLE public.users_notification (
    id bigint NOT NULL,
    is_read boolean NOT NULL,
    message text NOT NULL,
    "timestamp" timestamp with time zone NOT NULL,
    user_id bigint NOT NULL,
    link character varying(700)
);


ALTER TABLE public.users_notification OWNER TO admin;

--
-- Name: users_notification_id_seq; Type: SEQUENCE; Schema: public; Owner: admin
--

ALTER TABLE public.users_notification ALTER COLUMN id ADD GENERATED BY DEFAULT AS IDENTITY (
    SEQUENCE NAME public.users_notification_id_seq
    START WITH 1
    INCREMENT BY 1
    NO MINVALUE
    NO MAXVALUE
    CACHE 1
);


--
-- Name: users_permission; Type: TABLE; Schema: public; Owner: admin
--

CREATE TABLE public.users_permission (
    permission_ptr_id integer NOT NULL
);


ALTER TABLE public.users_permission OWNER TO admin;

--
-- Name: users_user; Type: TABLE; Schema: public; Owner: admin
--

CREATE TABLE public.users_user (
    id bigint NOT NULL,
    password character varying(128) NOT NULL,
    last_login timestamp with time zone,
    is_superuser boolean NOT NULL,
    first_name character varying(150) NOT NULL,
    last_name character varying(150) NOT NULL,
    is_staff boolean NOT NULL,
    is_active boolean NOT NULL,
    date_joined timestamp with time zone NOT NULL,
    middle_name character varying(30),
    email character varying(254) NOT NULL,
    phone_number character varying(20)
);


ALTER TABLE public.users_user OWNER TO admin;

--
-- Name: users_user_groups; Type: TABLE; Schema: public; Owner: admin
--

CREATE TABLE public.users_user_groups (
    id bigint NOT NULL,
    user_id bigint NOT NULL,
    group_id integer NOT NULL
);


ALTER TABLE public.users_user_groups OWNER TO admin;

--
-- Name: users_user_groups_id_seq; Type: SEQUENCE; Schema: public; Owner: admin
--

ALTER TABLE public.users_user_groups ALTER COLUMN id ADD GENERATED BY DEFAULT AS IDENTITY (
    SEQUENCE NAME public.users_user_groups_id_seq
    START WITH 1
    INCREMENT BY 1
    NO MINVALUE
    NO MAXVALUE
    CACHE 1
);


--
-- Name: users_user_id_seq; Type: SEQUENCE; Schema: public; Owner: admin
--

ALTER TABLE public.users_user ALTER COLUMN id ADD GENERATED BY DEFAULT AS IDENTITY (
    SEQUENCE NAME public.users_user_id_seq
    START WITH 1
    INCREMENT BY 1
    NO MINVALUE
    NO MAXVALUE
    CACHE 1
);


--
-- Name: users_user_user_permissions; Type: TABLE; Schema: public; Owner: admin
--

CREATE TABLE public.users_user_user_permissions (
    id bigint NOT NULL,
    user_id bigint NOT NULL,
    permission_id integer NOT NULL
);


ALTER TABLE public.users_user_user_permissions OWNER TO admin;

--
-- Name: users_user_user_permissions_id_seq; Type: SEQUENCE; Schema: public; Owner: admin
--

ALTER TABLE public.users_user_user_permissions ALTER COLUMN id ADD GENERATED BY DEFAULT AS IDENTITY (
    SEQUENCE NAME public.users_user_user_permissions_id_seq
    START WITH 1
    INCREMENT BY 1
    NO MINVALUE
    NO MAXVALUE
    CACHE 1
);


--
-- Data for Name: auth_group; Type: TABLE DATA; Schema: public; Owner: admin
--

COPY public.auth_group (id, name) FROM stdin;
1	представитель школы
2	Представитель школы
\.


--
-- Data for Name: auth_group_permissions; Type: TABLE DATA; Schema: public; Owner: admin
--

COPY public.auth_group_permissions (id, group_id, permission_id) FROM stdin;
\.


--
-- Data for Name: auth_permission; Type: TABLE DATA; Schema: public; Owner: admin
--

COPY public.auth_permission (id, name, content_type_id, codename) FROM stdin;
1	Can add Группа	1	add_group
2	Can change Группа	1	change_group
3	Can delete Группа	1	delete_group
4	Can view Группа	1	view_group
5	Can add Разрешение	2	add_permission
6	Can change Разрешение	2	change_permission
7	Can delete Разрешение	2	delete_permission
8	Can view Разрешение	2	view_permission
9	Can add Пользователь	3	add_user
10	Can change Пользователь	3	change_user
11	Can delete Пользователь	3	delete_user
12	Can view Пользователь	3	view_user
13	Can add log entry	4	add_logentry
14	Can change log entry	4	change_logentry
15	Can delete log entry	4	delete_logentry
16	Can view log entry	4	view_logentry
17	Can add permission	5	add_permission
18	Can change permission	5	change_permission
19	Can delete permission	5	delete_permission
20	Can view permission	5	view_permission
21	Can add group	6	add_group
22	Can change group	6	change_group
23	Can delete group	6	delete_group
24	Can view group	6	view_group
25	Can add content type	7	add_contenttype
26	Can change content type	7	change_contenttype
27	Can delete content type	7	delete_contenttype
28	Can view content type	7	view_contenttype
29	Can add session	8	add_session
30	Can change session	8	change_session
31	Can delete session	8	delete_session
32	Can view session	8	view_session
33	Can add Тип учебного учреждения	9	add_schooltype
34	Can change Тип учебного учреждения	9	change_schooltype
35	Can delete Тип учебного учреждения	9	delete_schooltype
36	Can view Тип учебного учреждения	9	view_schooltype
37	Can add ТУ/ДО	10	add_teradmin
38	Can change ТУ/ДО	10	change_teradmin
39	Can delete ТУ/ДО	10	delete_teradmin
40	Can view ТУ/ДО	10	view_teradmin
41	Can add Школа	11	add_school
42	Can change Школа	11	change_school
43	Can delete Школа	11	delete_school
44	Can view Школа	11	view_school
45	Can add Критерий	12	add_question
46	Can change Критерий	12	change_question
47	Can delete Критерий	12	delete_question
48	Can view Критерий	12	view_question
49	Can add Отчёт (шаблон)	13	add_report
50	Can change Отчёт (шаблон)	13	change_report
51	Can delete Отчёт (шаблон)	13	delete_report
52	Can view Отчёт (шаблон)	13	view_report
53	Can add Раздел отчёта	14	add_section
54	Can change Раздел отчёта	14	change_section
55	Can delete Раздел отчёта	14	delete_section
56	Can view Раздел отчёта	14	view_section
57	Can add Показатель	15	add_field
58	Can change Показатель	15	change_field
59	Can delete Показатель	15	delete_field
60	Can view Показатель	15	view_field
61	Can add Вариант ответа	16	add_option
62	Can change Вариант ответа	16	change_option
63	Can delete Вариант ответа	16	delete_option
64	Can view Вариант ответа	16	view_option
65	Can add Диапозон	17	add_rangeoption
66	Can change Диапозон	17	change_rangeoption
67	Can delete Диапозон	17	delete_rangeoption
68	Can view Диапозон	17	view_rangeoption
69	Can add Ответ	18	add_answer
70	Can change Ответ	18	change_answer
71	Can delete Ответ	18	delete_answer
72	Can view Ответ	18	view_answer
73	Can add Отчёт	19	add_schoolreport
74	Can change Отчёт	19	change_schoolreport
75	Can delete Отчёт	19	delete_schoolreport
76	Can view Отчёт	19	view_schoolreport
77	Can add Кластер	20	add_schoolcloster
78	Can change Кластер	20	change_schoolcloster
79	Can delete Кластер	20	delete_schoolcloster
80	Can view Кластер	20	view_schoolcloster
81	Can add Отчёт (шаблон)	21	add_reportzone
82	Can change Отчёт (шаблон)	21	change_reportzone
83	Can delete Отчёт (шаблон)	21	delete_reportzone
84	Can view Отчёт (шаблон)	21	view_reportzone
85	Can add Уведомление	22	add_notification
86	Can change Уведомление	22	change_notification
87	Can delete Уведомление	22	delete_notification
88	Can view Уведомление	22	view_notification
89	Can add Вложение	23	add_attachment
90	Can change Вложение	23	change_attachment
91	Can delete Вложение	23	delete_attachment
92	Can view Вложение	23	view_attachment
93	Can add Файл	24	add_reportfile
94	Can change Файл	24	change_reportfile
95	Can delete Файл	24	delete_reportfile
96	Can view Файл	24	view_reportfile
\.


--
-- Data for Name: django_admin_log; Type: TABLE DATA; Schema: public; Owner: admin
--

COPY public.django_admin_log (id, action_time, object_id, object_repr, action_flag, change_message, content_type_id, user_id) FROM stdin;
1	2024-05-03 10:10:00.235353+04	1	представитель школы	1	[{"added": {}}]	1	1
2	2024-05-06 15:34:15.751072+04	1	Самарское управление	1	[{"added": {}}]	10	1
3	2024-05-06 15:34:20.710263+04	2	Кинельское управление	1	[{"added": {}}]	10	1
4	2024-05-06 15:34:24.752908+04	3	Северное управление	1	[{"added": {}}]	10	1
5	2024-05-06 15:34:29.13239+04	4	Департамент образования г.о. Тольятти	1	[{"added": {}}]	10	1
6	2024-05-06 15:34:33.824851+04	5	Северо-Восточное управление	1	[{"added": {}}]	10	1
7	2024-05-06 15:34:38.039645+04	6	Центральное управление	1	[{"added": {}}]	10	1
8	2024-05-06 15:34:42.603055+04	7	Отрадненское управление	1	[{"added": {}}]	10	1
9	2024-05-06 15:34:46.531189+04	8	Юго-Восточное управление	1	[{"added": {}}]	10	1
10	2024-05-06 15:34:50.519326+04	9	Департамент образования г.о. Самара	1	[{"added": {}}]	10	1
11	2024-05-06 15:34:55.76293+04	10	Южное управление	1	[{"added": {}}]	10	1
12	2024-05-06 15:35:00.885676+04	11	Поволжское управление	1	[{"added": {}}]	10	1
13	2024-05-06 15:35:05.625515+04	12	Юго-Западное управление	1	[{"added": {}}]	10	1
14	2024-05-06 15:35:09.636378+04	13	Западное управление	1	[{"added": {}}]	10	1
15	2024-05-06 15:35:14.365782+04	14	Северо-Западное управление	1	[{"added": {}}]	10	1
16	2024-05-06 15:35:18.811661+04	15	Тольяттинское управление	1	[{"added": {}}]	10	1
17	2024-05-06 15:35:22.806936+04	16	Северо-Восточное управление	1	[{"added": {}}]	10	1
18	2024-05-06 15:35:41.06371+04	1	СОШ	1	[{"added": {}}]	9	1
19	2024-05-06 15:35:48.702804+04	2	ООШ	1	[{"added": {}}]	9	1
20	2024-05-06 15:35:57.080866+04	3	школа-интернат	1	[{"added": {}}]	9	1
21	2024-05-06 15:36:01.828231+04	4	лицей	1	[{"added": {}}]	9	1
22	2024-05-06 15:36:06.952033+04	5	гимназия	1	[{"added": {}}]	9	1
23	2024-05-08 18:12:49.845655+04	4	СОШ (г.о. Самара)	2	[{"changed": {"fields": ["\\u041e\\u0444\\u0438\\u0446\\u0438\\u0430\\u043b\\u044c\\u043d\\u044b\\u0439 email", "\\u0422\\u0438\\u043f \\u0448\\u043a\\u043e\\u043b\\u044b"]}}]	11	1
24	2024-05-12 15:17:06.813837+04	2	fanton.nobody@gmail.com	3		3	1
25	2024-05-13 12:15:30.436777+04	3	fanton.nobody@gmail.com	3		3	1
26	2024-05-13 12:19:29.987738+04	4	СОШ (г.о. Самара)	2	[{"changed": {"fields": ["\\u041e\\u0444\\u0438\\u0446\\u0438\\u0430\\u043b\\u044c\\u043d\\u044b\\u0439 email"]}}]	11	1
27	2024-05-13 12:22:37.445557+04	4	a.burmatsky@gmail.com	3		3	1
28	2024-05-13 12:24:54.254256+04	5	a.burmatsky@gmail.com	3		3	1
29	2024-05-13 13:01:55.91134+04	6	a.burmatsky@gmail.com	3		3	1
30	2024-05-13 13:02:19.611072+04	4	лицей (г.о. Самара)	2	[{"changed": {"fields": ["\\u041e\\u0444\\u0438\\u0446\\u0438\\u0430\\u043b\\u044c\\u043d\\u044b\\u0439 email"]}}]	11	1
31	2024-05-13 13:11:49.196871+04	4	лицей (г.о. Самара)	3		11	1
32	2024-05-13 13:11:49.200883+04	3	ООШ №5 (г.о. Октябрьск)	3		11	1
33	2024-05-13 13:11:49.203441+04	2	гимназия (г.о. Самара)	3		11	1
34	2024-05-13 13:11:49.206017+04	1	МБОУ "Школа № 89 г.о. Самара	3		11	1
35	2024-06-18 11:40:41.748509+04	1	Малокомплектные школы	1	[{"added": {}}]	20	1
36	2024-06-18 11:40:59.354664+04	2	Немалокомплектные школы	1	[{"added": {}}]	20	1
37	2024-06-18 11:41:15.981886+04	3	Районные, сельские и городские школы	1	[{"added": {}}]	20	1
38	2024-06-18 11:41:46.354815+04	3	Районные, сельские и городские школы (с численностью учащихся более 250 человек)	2	[{"changed": {"fields": ["\\u041d\\u0430\\u0437\\u0432\\u0430\\u043d\\u0438\\u0435"]}}]	20	1
39	2024-06-18 11:42:06.924383+04	4	Школы г.о. Самара и г.о. Тольятти	1	[{"added": {}}]	20	1
40	2024-06-18 11:42:39.528696+04	5	Школы с ушлубленным изучением отдельных предметов, лицеи и гимназии	1	[{"added": {}}]	20	1
41	2024-06-18 11:42:46.181193+04	6	Начальные школы	1	[{"added": {}}]	20	1
42	2024-06-18 11:50:48.566625+04	1	Школы г.о. Самара и г.о. Тольятти (2024)	1	[{"added": {}}, {"added": {"name": "\\u0420\\u0430\\u0437\\u0434\\u0435\\u043b \\u043e\\u0442\\u0447\\u0451\\u0442\\u0430", "object": "1. \\u041e\\u0431\\u0435\\u0441\\u043f\\u0435\\u0447\\u0435\\u043d\\u0438\\u0435 \\u043a\\u0430\\u0447\\u0435\\u0441\\u0442\\u0432\\u0430 \\u043c\\u0430\\u0441\\u0441\\u043e\\u0432\\u043e\\u0433\\u043e \\u043e\\u0431\\u0443\\u0447\\u0435\\u043d\\u0438\\u044f"}}, {"added": {"name": "\\u0420\\u0430\\u0437\\u0434\\u0435\\u043b \\u043e\\u0442\\u0447\\u0451\\u0442\\u0430", "object": "2. \\u041e\\u0440\\u0433\\u0430\\u043d\\u0438\\u0437\\u0430\\u0446\\u0438\\u044f \\u0432\\u043e\\u0441\\u043f\\u0438\\u0442\\u0430\\u0442\\u0435\\u043b\\u044c\\u043d\\u043e\\u0439 \\u0440\\u0430\\u0431\\u043e\\u0442\\u044b  \\u0438 \\u0434\\u0435\\u044f\\u0442\\u0435\\u043b\\u044c\\u043d\\u043e\\u0441\\u0442\\u0438 \\u043f\\u043e \\u0441\\u043e\\u043f\\u0440\\u043e\\u0432\\u043e\\u0436\\u0434\\u0435\\u043d\\u0438\\u044e \\u043f\\u0440\\u043e\\u0444\\u0435\\u0441\\u0441\\u0438\\u043e\\u043d\\u0430\\u043b\\u044c\\u043d\\u043e\\u0433\\u043e \\u0441\\u0430\\u043c\\u043e\\u043e\\u043f\\u0440\\u0435\\u0434\\u0435\\u043b\\u0435\\u043d\\u0438\\u044f \\u043e\\u0431\\u0443\\u0447\\u0430\\u044e\\u0449\\u0438\\u0445\\u0441\\u044f"}}, {"added": {"name": "\\u0420\\u0430\\u0437\\u0434\\u0435\\u043b \\u043e\\u0442\\u0447\\u0451\\u0442\\u0430", "object": "2. \\u041f\\u0440\\u043e\\u0444\\u0435\\u0441\\u0441\\u0438\\u043e\\u043d\\u0430\\u043b\\u044c\\u043d\\u0430\\u044f \\u043e\\u0440\\u0438\\u0435\\u043d\\u0442\\u0430\\u0446\\u0438\\u044f \\u043e\\u0431\\u0443\\u0447\\u0430\\u044e\\u0449\\u0438\\u0445\\u0441\\u044f"}}, {"added": {"name": "\\u0420\\u0430\\u0437\\u0434\\u0435\\u043b \\u043e\\u0442\\u0447\\u0451\\u0442\\u0430", "object": "3. \\u041e\\u0431\\u0435\\u0441\\u043f\\u0435\\u0447\\u0435\\u043d\\u0438\\u0435 \\u0444\\u043e\\u0440\\u043c\\u0438\\u0440\\u043e\\u0432\\u0430\\u043d\\u0438\\u044f \\u043d\\u0430\\u0432\\u044b\\u043a\\u043e\\u0432 \\u0417\\u041e\\u0416 \\u0438 \\u0431\\u0435\\u0437\\u043e\\u043f\\u0430\\u0441\\u043d\\u043e\\u0441\\u0442\\u0438 \\u0443 \\u043e\\u0431\\u0443\\u0447\\u0430\\u044e\\u0449\\u0438\\u0445\\u0441\\u044f"}}, {"added": {"name": "\\u0420\\u0430\\u0437\\u0434\\u0435\\u043b \\u043e\\u0442\\u0447\\u0451\\u0442\\u0430", "object": "4. \\u0420\\u0435\\u0437\\u0443\\u043b\\u044c\\u0442\\u0430\\u0442\\u0438\\u0432\\u043d\\u043e\\u0441\\u0442\\u044c \\u0440\\u0430\\u0437\\u0432\\u0438\\u0442\\u0438\\u044f \\u0442\\u0430\\u043b\\u0430\\u043d\\u0442\\u043e\\u0432 \\u0443 \\u043e\\u0431\\u0443\\u0447\\u0430\\u044e\\u0449\\u0438\\u0445\\u0441\\u044f"}}, {"added": {"name": "\\u0420\\u0430\\u0437\\u0434\\u0435\\u043b \\u043e\\u0442\\u0447\\u0451\\u0442\\u0430", "object": "5. \\u0421\\u043e\\u0437\\u0434\\u0430\\u043d\\u0438\\u0435 \\u0443\\u0441\\u043b\\u043e\\u0432\\u0438\\u0439 \\u0432 \\u041e\\u041e \\u0434\\u043b\\u044f \\u0434\\u043e\\u0441\\u0442\\u0438\\u0436\\u0435\\u043d\\u0438\\u044f \\u0440\\u0435\\u0437\\u0443\\u043b\\u044c\\u0442\\u0430\\u0442\\u043e\\u0432"}}]	13	1
43	2024-06-18 11:54:37.333186+04	1	Школы г.о. Самара и г.о. Тольятти (2024)	2	[{"changed": {"name": "\\u0420\\u0430\\u0437\\u0434\\u0435\\u043b \\u043e\\u0442\\u0447\\u0451\\u0442\\u0430", "object": "\\u041f\\u0440\\u043e\\u0444\\u0435\\u0441\\u0441\\u0438\\u043e\\u043d\\u0430\\u043b\\u044c\\u043d\\u0430\\u044f \\u043e\\u0440\\u0438\\u0435\\u043d\\u0442\\u0430\\u0446\\u0438\\u044f \\u043e\\u0431\\u0443\\u0447\\u0430\\u044e\\u0449\\u0438\\u0445\\u0441\\u044f", "fields": ["\\u041d\\u043e\\u043c\\u0435\\u0440 \\u0440\\u0430\\u0437\\u0434\\u0435\\u043b\\u0430"]}}]	13	1
44	2024-06-18 14:30:04.933058+04	1	1.1. Использование автоматизированных средств обеспечения мониторинга качества обучения (модуль МСОКО АСУ РСО)	1	[{"added": {}}, {"added": {"name": "\\u041a\\u0440\\u0438\\u0442\\u0435\\u0440\\u0438\\u0439", "object": "\\u0412\\u0435\\u0434\\u0435\\u0442\\u0441\\u044f \\u043c\\u043e\\u043d\\u0438\\u0442\\u043e\\u0440\\u0438\\u043d\\u0433 \\u0441\\u0440\\u0435\\u0434\\u0441\\u0442\\u0432\\u0430\\u043c\\u0438 \\u041c\\u0421\\u041e\\u041a\\u041e \\u0410\\u0421\\u0423 \\u0420\\u0421\\u041e \\u0432 \\u0440\\u0430\\u0437\\u0440\\u0435\\u0437\\u0435 \\u0443\\u0440\\u043e\\u0432\\u043d\\u044f (\\u043d\\u0435\\u0437\\u0430\\u0432\\u0438\\u0441\\u0438\\u043c\\u043e \\u043e\\u0442 \\u043a\\u043e\\u043b\\u0438\\u0447\\u0435\\u0441\\u0442\\u0432\\u0430 \\u043f\\u0440\\u0435\\u0434\\u043c\\u0435\\u0442\\u043e\\u0432) (\\u0412\\u044b\\u0431\\u043e\\u0440 \\u0438\\u0437 \\u0441\\u043f\\u0438\\u0441\\u043a\\u0430)"}}, {"added": {"name": "\\u041a\\u0440\\u0438\\u0442\\u0435\\u0440\\u0438\\u0439", "object": "\\u0412\\u0435\\u0434\\u0435\\u0442\\u0441\\u044f \\u043c\\u043e\\u043d\\u0438\\u0442\\u043e\\u0440\\u0438\\u043d\\u0433 \\u0441\\u0440\\u0435\\u0434\\u0441\\u0442\\u0432\\u0430\\u043c\\u0438 \\u041c\\u0421\\u041e\\u041a\\u041e \\u0410\\u0421\\u0423 \\u0420\\u0421\\u041e \\u0432 \\u0440\\u0430\\u0437\\u0440\\u0435\\u0437\\u0435 \\u043f\\u0440\\u0435\\u0434\\u043c\\u0435\\u0442\\u043e\\u0432 (\\u0412\\u044b\\u0431\\u043e\\u0440 \\u0438\\u0437 \\u0441\\u043f\\u0438\\u0441\\u043a\\u0430)"}}]	15	1
45	2024-06-18 14:31:17.024397+04	2	Ведется мониторинг средствами МСОКО АСУ РСО в разрезе предметов (Выбор из списка)	2	[{"added": {"name": "\\u0412\\u0430\\u0440\\u0438\\u0430\\u043d\\u0442 \\u043e\\u0442\\u0432\\u0435\\u0442\\u0430", "object": "\\u043d\\u0435 \\u0432\\u044b\\u043f\\u043e\\u043b\\u043d\\u044f\\u0435\\u0442\\u0441\\u044f"}}, {"added": {"name": "\\u0412\\u0430\\u0440\\u0438\\u0430\\u043d\\u0442 \\u043e\\u0442\\u0432\\u0435\\u0442\\u0430", "object": "\\u043f\\u043e \\u043e\\u0434\\u043d\\u043e\\u043c\\u0443 \\u043f\\u0440\\u0435\\u0434\\u043c\\u0435\\u0442\\u0443 \\u0432 \\u043e\\u0434\\u043d\\u043e\\u043c \\u043a\\u043b\\u0430\\u0441\\u0441\\u0435 \\u043d\\u0430 \\u043a\\u0430\\u0436\\u0434\\u043e\\u043c \\u0443\\u0440\\u043e\\u0432\\u043d\\u0435"}}, {"added": {"name": "\\u0412\\u0430\\u0440\\u0438\\u0430\\u043d\\u0442 \\u043e\\u0442\\u0432\\u0435\\u0442\\u0430", "object": "\\u043d\\u0435 \\u043c\\u0435\\u043d\\u0435\\u0435 \\u0434\\u0432\\u0443\\u0445 \\u043f\\u0440\\u0435\\u0434\\u043c\\u0435\\u0442\\u043e\\u0432 \\u043d\\u0435 \\u043c\\u0435\\u043d\\u0435\\u0435 \\u0447\\u0435\\u043c \\u0432 \\u043e\\u0434\\u043d\\u043e\\u043c \\u043a\\u043b\\u0430\\u0441\\u0441\\u0435 \\u043d\\u0430 \\u043a\\u0430\\u0436\\u0434\\u043e\\u043c \\u0443\\u0440\\u043e\\u0432\\u043d\\u0435"}}, {"added": {"name": "\\u0412\\u0430\\u0440\\u0438\\u0430\\u043d\\u0442 \\u043e\\u0442\\u0432\\u0435\\u0442\\u0430", "object": "\\u043d\\u0435 \\u043c\\u0435\\u043d\\u0435\\u0435 2 \\u043f\\u0440\\u0435\\u0434\\u043c\\u0435\\u0442\\u043e\\u0432 \\u0432\\u043e \\u0432\\u0441\\u0435\\u0445 \\u043a\\u043b\\u0430\\u0441\\u0441\\u0430\\u0445 \\u043d\\u0430 \\u043a\\u0430\\u0436\\u0434\\u043e\\u043c \\u0443\\u0440\\u043e\\u0432\\u043d\\u0435"}}]	12	1
46	2024-06-18 14:31:52.424285+04	1	Ведется мониторинг средствами МСОКО АСУ РСО в разрезе уровня (независимо от количества предметов) (Выбор из списка)	2	[{"added": {"name": "\\u0412\\u0430\\u0440\\u0438\\u0430\\u043d\\u0442 \\u043e\\u0442\\u0432\\u0435\\u0442\\u0430", "object": "\\u043d\\u0435 \\u0432\\u044b\\u043f\\u043e\\u043b\\u043d\\u044f\\u0435\\u0442\\u0441\\u044f"}}, {"added": {"name": "\\u0412\\u0430\\u0440\\u0438\\u0430\\u043d\\u0442 \\u043e\\u0442\\u0432\\u0435\\u0442\\u0430", "object": "\\u043d\\u0435 \\u043c\\u0435\\u043d\\u0435\\u0435 \\u043e\\u0434\\u043d\\u043e\\u0433\\u043e \\u043a\\u043b\\u0430\\u0441\\u0441\\u0430 \\u043d\\u0430 \\u043a\\u0430\\u0436\\u0434\\u043e\\u043c \\u0443\\u0440\\u043e\\u0432\\u043d\\u0435"}}, {"added": {"name": "\\u0412\\u0430\\u0440\\u0438\\u0430\\u043d\\u0442 \\u043e\\u0442\\u0432\\u0435\\u0442\\u0430", "object": "\\u0432\\u043e \\u0432\\u0441\\u0435\\u0445 \\u043a\\u043b\\u0430\\u0441\\u0441\\u0430\\u0445 \\u043e\\u0434\\u043d\\u043e\\u0439 \\u043f\\u0430\\u0440\\u0430\\u043b\\u043b\\u0435\\u043b\\u0438 \\u043d\\u0430 \\u043a\\u0430\\u0436\\u0434\\u043e\\u043c \\u0443\\u0440\\u043e\\u0432\\u043d\\u0435"}}, {"added": {"name": "\\u0412\\u0430\\u0440\\u0438\\u0430\\u043d\\u0442 \\u043e\\u0442\\u0432\\u0435\\u0442\\u0430", "object": "\\u0432\\u043e \\u0432\\u0441\\u0435\\u0445 \\u043a\\u043b\\u0430\\u0441\\u0441\\u0430\\u0445 \\u043d\\u0430 \\u043a\\u0430\\u0436\\u0434\\u043e\\u043c \\u0443\\u0440\\u043e\\u0432\\u043d\\u0435"}}]	12	1
47	2024-06-18 14:40:34.921702+04	2	1.2. Соответствие не менее 75% итоговых (годовых) отметок обучающихся 4-х классов результатам ВПР	1	[{"added": {}}, {"added": {"name": "\\u041a\\u0440\\u0438\\u0442\\u0435\\u0440\\u0438\\u0439", "object": "\\u041f\\u0440\\u043e\\u0446\\u0435\\u043d\\u0442 \\u0441\\u043e\\u043e\\u0442\\u0432\\u0435\\u0442\\u0441\\u0442\\u0432\\u0438\\u044f (\\u041f\\u0440\\u043e\\u0446\\u0435\\u043d\\u0442)"}}]	15	1
48	2024-06-18 14:41:34.098356+04	3	1.3. Доля выпускников 9-х классов,  получивших аттестат об основном общем образовании, от общего количества выпускников 9-х классов на конец учебного года (без учета сентябрьских сроков ГИА)	1	[{"added": {}}, {"added": {"name": "\\u041a\\u0440\\u0438\\u0442\\u0435\\u0440\\u0438\\u0439", "object": "\\u041f\\u0440\\u043e\\u0446\\u0435\\u043d\\u0442 \\u0432\\u044b\\u043f\\u0443\\u0441\\u043a\\u043d\\u0438\\u043a\\u043e\\u0432 (\\u041f\\u0440\\u043e\\u0446\\u0435\\u043d\\u0442)"}}]	15	1
49	2024-06-18 14:42:58.550556+04	4	1.4. Доля обучающихся 9-х классов, которые по четырем  предметам ОГЭ в сумме набрали 20 баллов (по рекомендованной ФИПИ 5-балльной шкале)  (без учета сентябрьских сроков ГИА) от общего количества учас	1	[{"added": {}}, {"added": {"name": "\\u041a\\u0440\\u0438\\u0442\\u0435\\u0440\\u0438\\u0439", "object": "\\u041f\\u0440\\u043e\\u0446\\u0435\\u043d\\u0442 \\u043e\\u0431\\u0443\\u0447\\u0430\\u044e\\u0449\\u0438\\u0445\\u0441\\u044f (\\u041f\\u0440\\u043e\\u0446\\u0435\\u043d\\u0442)"}}]	15	1
50	2024-06-18 14:43:53.749211+04	5	1.5. Доля обучающихся 9-х классов, которые по четырем  предметам ОГЭ в сумме набрали 16-19 баллов (по рекомендованной ФИПИ 5- балльной шкале) (без учета сентябрьских сроков ГИА) от общего количества у	1	[{"added": {}}, {"added": {"name": "\\u041a\\u0440\\u0438\\u0442\\u0435\\u0440\\u0438\\u0439", "object": "\\u041f\\u0440\\u043e\\u0446\\u0435\\u043d\\u0442 \\u043e\\u0431\\u0443\\u0447\\u0430\\u044e\\u0449\\u0438\\u0445\\u0441\\u044f (\\u041f\\u0440\\u043e\\u0446\\u0435\\u043d\\u0442)"}}]	15	1
51	2024-06-18 14:44:42.183177+04	6	1.6. Доля выпускников 9-х классов, получивших аттестат с отличием и набравших по всем предметам ОГЭ максимальный балл по 5-балльной шкале, от общего количества выпускников 9-х классов, получивших атте	1	[{"added": {}}, {"added": {"name": "\\u041a\\u0440\\u0438\\u0442\\u0435\\u0440\\u0438\\u0439", "object": "\\u041f\\u0440\\u043e\\u0446\\u0435\\u043d\\u0442 \\u0432\\u044b\\u043f\\u0443\\u0441\\u043a\\u043d\\u0438\\u043a\\u043e\\u0432 (\\u041f\\u0440\\u043e\\u0446\\u0435\\u043d\\u0442)"}}]	15	1
52	2024-06-18 14:45:23.049457+04	7	1.7. Соответствие не менее 65% годовых отметок обучающихся 9-х классов результатам ОГЭ	1	[{"added": {}}, {"added": {"name": "\\u041a\\u0440\\u0438\\u0442\\u0435\\u0440\\u0438\\u0439", "object": "\\u041f\\u0440\\u043e\\u0446\\u0435\\u043d\\u0442 \\u0441\\u043e\\u043e\\u0442\\u0432\\u0435\\u0442\\u0441\\u0442\\u0432\\u0438\\u044f \\u043e\\u0442\\u043c\\u0435\\u0442\\u043e\\u043a (\\u0412\\u044b\\u0431\\u043e\\u0440 \\u0438\\u0437 \\u0441\\u043f\\u0438\\u0441\\u043a\\u0430)"}}]	15	1
86	2024-06-26 11:33:17.349207+04	5	Процент обучающихся (Процент)	2	[{"added": {"name": "\\u0414\\u0438\\u0430\\u043f\\u043e\\u0437\\u043e\\u043d", "object": "\\u041f\\u0440\\u043e\\u0446\\u0435\\u043d\\u0442 \\u043e\\u0431\\u0443\\u0447\\u0430\\u044e\\u0449\\u0438\\u0445\\u0441\\u044f (\\u041f\\u0440\\u043e\\u0446\\u0435\\u043d\\u0442) (L)"}}]	12	1
88	2024-06-26 11:33:45.831427+04	3	Процент соответствия (Процент)	2	[{"changed": {"name": "\\u0414\\u0438\\u0430\\u043f\\u043e\\u0437\\u043e\\u043d", "object": "\\u041f\\u0440\\u043e\\u0446\\u0435\\u043d\\u0442 \\u0441\\u043e\\u043e\\u0442\\u0432\\u0435\\u0442\\u0441\\u0442\\u0432\\u0438\\u044f (\\u041f\\u0440\\u043e\\u0446\\u0435\\u043d\\u0442) (D)", "fields": ["\\u0420\\u0430\\u0432\\u043d\\u043e", "\\u041a\\u043e\\u043b\\u0432\\u043e \\u0431\\u0430\\u043b\\u043b\\u043e\\u0432"]}}, {"changed": {"name": "\\u0414\\u0438\\u0430\\u043f\\u043e\\u0437\\u043e\\u043d", "object": "\\u041f\\u0440\\u043e\\u0446\\u0435\\u043d\\u0442 \\u0441\\u043e\\u043e\\u0442\\u0432\\u0435\\u0442\\u0441\\u0442\\u0432\\u0438\\u044f (\\u041f\\u0440\\u043e\\u0446\\u0435\\u043d\\u0442) (G)", "fields": ["\\u041a\\u043e\\u043b\\u0432\\u043e \\u0431\\u0430\\u043b\\u043b\\u043e\\u0432"]}}]	12	1
53	2024-06-18 14:46:45.11446+04	8	Процент соответствия отметок (Выбор из списка)	2	[{"added": {"name": "\\u0412\\u0430\\u0440\\u0438\\u0430\\u043d\\u0442 \\u043e\\u0442\\u0432\\u0435\\u0442\\u0430", "object": "\\u043d\\u0435 \\u0441\\u043e\\u043e\\u0442\\u0432\\u0435\\u0442\\u0441\\u0432\\u0443\\u0435\\u0442"}}, {"added": {"name": "\\u0412\\u0430\\u0440\\u0438\\u0430\\u043d\\u0442 \\u043e\\u0442\\u0432\\u0435\\u0442\\u0430", "object": "\\u0441\\u043e\\u043e\\u0442\\u0432\\u0435\\u0442\\u0441\\u0442\\u0432\\u0438\\u0435 \\u043f\\u043e \\u043e\\u0434\\u043d\\u043e\\u043c\\u0443 \\u043f\\u0440\\u0435\\u0434\\u043c\\u0435\\u0442\\u0443"}}, {"added": {"name": "\\u0412\\u0430\\u0440\\u0438\\u0430\\u043d\\u0442 \\u043e\\u0442\\u0432\\u0435\\u0442\\u0430", "object": "\\u0441\\u043e\\u043e\\u0442\\u0432\\u0435\\u0442\\u0441\\u0442\\u0432\\u0438\\u0435 \\u043f\\u043e \\u0434\\u0432\\u0443\\u043c \\u043f\\u0440\\u0435\\u0434\\u043c\\u0435\\u0442\\u0430\\u043c"}}, {"added": {"name": "\\u0412\\u0430\\u0440\\u0438\\u0430\\u043d\\u0442 \\u043e\\u0442\\u0432\\u0435\\u0442\\u0430", "object": "\\u0441\\u043e\\u043e\\u0442\\u0432\\u0435\\u0442\\u0441\\u0442\\u0432\\u0438\\u0435 \\u043f\\u043e \\u0442\\u0440\\u0435\\u043c \\u043f\\u0440\\u0435\\u0434\\u043c\\u0435\\u0442\\u0430\\u043c"}}, {"added": {"name": "\\u0412\\u0430\\u0440\\u0438\\u0430\\u043d\\u0442 \\u043e\\u0442\\u0432\\u0435\\u0442\\u0430", "object": "\\u0441\\u043e\\u043e\\u0442\\u0432\\u0435\\u0442\\u0441\\u0442\\u0432\\u0438\\u0435 \\u043f\\u043e \\u0447\\u0435\\u0442\\u044b\\u0440\\u0435\\u043c \\u043f\\u0440\\u0435\\u0434\\u043c\\u0435\\u0442\\u0430\\u043c"}}]	12	1
54	2024-06-18 14:49:43.112859+04	8	2.1. Участие в Федеральной программе «Орлята России»	1	[{"added": {}}, {"added": {"name": "\\u041a\\u0440\\u0438\\u0442\\u0435\\u0440\\u0438\\u0439", "object": "\\u0414\\u043e\\u043b\\u044f \\u043d\\u0430\\u0447\\u0430\\u043b\\u044c\\u043d\\u044b\\u0445 \\u043a\\u043b\\u0430\\u0441\\u0441\\u043e\\u0432, \\u0443\\u0447\\u0430\\u0441\\u0442\\u0432\\u0443\\u044e\\u0449\\u0438\\u0445 \\u0432 \\u043f\\u0440\\u043e\\u0433\\u0440\\u0430\\u043c\\u043c\\u0435, \\u0441\\u043e\\u0441\\u0442\\u0430\\u0432\\u043b\\u044f\\u0435\\u0442 \\u0431\\u043e\\u043b\\u0435\\u0435 50% (\\u0411\\u0438\\u043d\\u0430\\u0440\\u043d\\u044b\\u0439 \\u0432\\u044b\\u0431\\u043e\\u0440 (\\u0414\\u0430/\\u041d\\u0435\\u0442))"}}, {"added": {"name": "\\u041a\\u0440\\u0438\\u0442\\u0435\\u0440\\u0438\\u0439", "object": "\\u041f\\u0440\\u043e\\u0445\\u043e\\u0436\\u0434\\u0435\\u043d\\u0438\\u0435 \\u0432\\u0441\\u0435\\u043c\\u0438 \\u0437\\u0430\\u0440\\u0435\\u0433\\u0438\\u0441\\u0442\\u0440\\u0438\\u0440\\u043e\\u0432\\u0430\\u043d\\u043d\\u044b\\u043c\\u0438 \\u043a\\u043b\\u0430\\u0441\\u0441\\u0430\\u043c\\u0438 \\u043d\\u0435 \\u043c\\u0435\\u043d\\u0435\\u0435 4 \\u0442\\u0440\\u0435\\u043a\\u043e\\u0432 \\u043f\\u043e \\u043f\\u0440\\u043e\\u0433\\u0440\\u0430\\u043c\\u043c\\u0435 \\u00ab\\u041e\\u0440\\u043b\\u044f\\u0442\\u0430 \\u0420\\u043e\\u0441\\u0441\\u0438\\u0438\\u00bb (\\u0411\\u0438\\u043d\\u0430\\u0440\\u043d\\u044b\\u0439 \\u0432\\u044b\\u0431\\u043e\\u0440 (\\u0414\\u0430/\\u041d\\u0435\\u0442))"}}, {"added": {"name": "\\u041a\\u0440\\u0438\\u0442\\u0435\\u0440\\u0438\\u0439", "object": "\\u0434\\u043e\\u043b\\u044f \\u043e\\u0431\\u0443\\u0447\\u0430\\u044e\\u0449\\u0438\\u0445\\u0441\\u044f 5 \\u2013 11-\\u0445 \\u043a\\u043b\\u0430\\u0441\\u0441\\u043e\\u0432, \\u0443\\u0447\\u0430\\u0441\\u0442\\u0432\\u0443\\u044e\\u0449\\u0438\\u0445 \\u0432 \\u043f\\u0440\\u043e\\u0433\\u0440\\u0430\\u043c\\u043c\\u0435 \\u0432 \\u043a\\u0430\\u0447\\u0435\\u0441\\u0442\\u0432\\u0435 \\u043d\\u0430\\u0441\\u0442\\u0430\\u0432\\u043d\\u0438\\u043a\\u043e\\u0432 \\u0434\\u043b\\u044f \\u043e\\u0431\\u0443\\u0447\\u0430\\u044e\\u0449\\u0438\\u0445\\u0441\\u044f \\u043d\\u0430\\u0447\\u0430\\u043b\\u044c\\u043d\\u044b\\u0445 \\u043a\\u043b\\u0430\\u0441\\u0441\\u043e\\u0432, \\u0441\\u043e\\u0441\\u0442\\u0430\\u0432\\u043b\\u044f\\u0435\\u0442 \\u0431\\u043e\\u043b\\u0435\\u0435 5% (\\u0411\\u0438\\u043d\\u0430\\u0440\\u043d\\u044b\\u0439 \\u0432\\u044b\\u0431\\u043e\\u0440 (\\u0414\\u0430/\\u041d\\u0435\\u0442))"}}]	15	1
55	2024-06-18 14:51:25.183298+04	7	a.burmatsky@gmail.com	2	[{"changed": {"fields": ["password"]}}]	3	1
56	2024-06-18 14:52:02.895572+04	7	a.burmatsky@gmail.com	2	[{"changed": {"fields": ["password"]}}]	3	1
57	2024-06-18 14:53:32.520669+04	7	a.burmatsky@gmail.com	2	[{"changed": {"fields": ["password"]}}]	3	1
58	2024-06-18 14:53:34.561241+04	7	a.burmatsky@gmail.com	2	[]	3	1
59	2024-06-18 14:53:56.240681+04	8	гимназия (г.о. Самара)	2	[{"changed": {"fields": ["\\u041f\\u043e\\u043b\\u043d\\u043e\\u0435 \\u043d\\u0430\\u0438\\u043c\\u0435\\u043d\\u043e\\u0432\\u0430\\u043d\\u0438\\u0435", "\\u041a\\u043b\\u0430\\u0441\\u0442\\u0435\\u0440", "\\u0414\\u0438\\u0440\\u0435\\u043a\\u0442\\u043e\\u0440"]}}]	11	1
60	2024-06-18 15:05:40.152627+04	1	Критерии и показатели результативности качества работы (эффективности труда) руководителей общеобразовательных учреждений, реализующих основные общеобразовательные программы (2024)	2	[{"added": {"name": "\\u0417\\u043e\\u043d\\u0430", "object": "\\u041a\\u0440\\u0438\\u0442\\u0435\\u0440\\u0438\\u0438 \\u0438 \\u043f\\u043e\\u043a\\u0430\\u0437\\u0430\\u0442\\u0435\\u043b\\u0438 \\u0440\\u0435\\u0437\\u0443\\u043b\\u044c\\u0442\\u0430\\u0442\\u0438\\u0432\\u043d\\u043e\\u0441\\u0442\\u0438 \\u043a\\u0430\\u0447\\u0435\\u0441\\u0442\\u0432\\u0430 \\u0440\\u0430\\u0431\\u043e\\u0442\\u044b (\\u044d\\u0444\\u0444\\u0435\\u043a\\u0442\\u0438\\u0432\\u043d\\u043e\\u0441\\u0442\\u0438 \\u0442\\u0440\\u0443\\u0434\\u0430) \\u0440\\u0443\\u043a\\u043e\\u0432\\u043e\\u0434\\u0438\\u0442\\u0435\\u043b\\u0435\\u0439 \\u043e\\u0431\\u0449\\u0435\\u043e\\u0431\\u0440\\u0430\\u0437\\u043e\\u0432\\u0430\\u0442\\u0435\\u043b\\u044c\\u043d\\u044b\\u0445 \\u0443\\u0447\\u0440\\u0435\\u0436\\u0434\\u0435\\u043d\\u0438\\u0439, \\u0440\\u0435\\u0430\\u043b\\u0438\\u0437\\u0443\\u044e\\u0449\\u0438\\u0445 \\u043e\\u0441\\u043d\\u043e\\u0432\\u043d\\u044b\\u0435 \\u043e\\u0431\\u0449\\u0435\\u043e\\u0431\\u0440\\u0430\\u0437\\u043e\\u0432\\u0430\\u0442\\u0435\\u043b\\u044c\\u043d\\u044b\\u0435 \\u043f\\u0440\\u043e\\u0433\\u0440\\u0430\\u043c\\u043c\\u044b (2024), 1 \\u2014 11 \\u043a\\u043b\\u0430\\u0441\\u0441\\u044b (R)"}}, {"added": {"name": "\\u0417\\u043e\\u043d\\u0430", "object": "\\u041a\\u0440\\u0438\\u0442\\u0435\\u0440\\u0438\\u0438 \\u0438 \\u043f\\u043e\\u043a\\u0430\\u0437\\u0430\\u0442\\u0435\\u043b\\u0438 \\u0440\\u0435\\u0437\\u0443\\u043b\\u044c\\u0442\\u0430\\u0442\\u0438\\u0432\\u043d\\u043e\\u0441\\u0442\\u0438 \\u043a\\u0430\\u0447\\u0435\\u0441\\u0442\\u0432\\u0430 \\u0440\\u0430\\u0431\\u043e\\u0442\\u044b (\\u044d\\u0444\\u0444\\u0435\\u043a\\u0442\\u0438\\u0432\\u043d\\u043e\\u0441\\u0442\\u0438 \\u0442\\u0440\\u0443\\u0434\\u0430) \\u0440\\u0443\\u043a\\u043e\\u0432\\u043e\\u0434\\u0438\\u0442\\u0435\\u043b\\u0435\\u0439 \\u043e\\u0431\\u0449\\u0435\\u043e\\u0431\\u0440\\u0430\\u0437\\u043e\\u0432\\u0430\\u0442\\u0435\\u043b\\u044c\\u043d\\u044b\\u0445 \\u0443\\u0447\\u0440\\u0435\\u0436\\u0434\\u0435\\u043d\\u0438\\u0439, \\u0440\\u0435\\u0430\\u043b\\u0438\\u0437\\u0443\\u044e\\u0449\\u0438\\u0445 \\u043e\\u0441\\u043d\\u043e\\u0432\\u043d\\u044b\\u0435 \\u043e\\u0431\\u0449\\u0435\\u043e\\u0431\\u0440\\u0430\\u0437\\u043e\\u0432\\u0430\\u0442\\u0435\\u043b\\u044c\\u043d\\u044b\\u0435 \\u043f\\u0440\\u043e\\u0433\\u0440\\u0430\\u043c\\u043c\\u044b (2024), 1 \\u2014 11 \\u043a\\u043b\\u0430\\u0441\\u0441\\u044b (Y)"}}, {"added": {"name": "\\u0417\\u043e\\u043d\\u0430", "object": "\\u041a\\u0440\\u0438\\u0442\\u0435\\u0440\\u0438\\u0438 \\u0438 \\u043f\\u043e\\u043a\\u0430\\u0437\\u0430\\u0442\\u0435\\u043b\\u0438 \\u0440\\u0435\\u0437\\u0443\\u043b\\u044c\\u0442\\u0430\\u0442\\u0438\\u0432\\u043d\\u043e\\u0441\\u0442\\u0438 \\u043a\\u0430\\u0447\\u0435\\u0441\\u0442\\u0432\\u0430 \\u0440\\u0430\\u0431\\u043e\\u0442\\u044b (\\u044d\\u0444\\u0444\\u0435\\u043a\\u0442\\u0438\\u0432\\u043d\\u043e\\u0441\\u0442\\u0438 \\u0442\\u0440\\u0443\\u0434\\u0430) \\u0440\\u0443\\u043a\\u043e\\u0432\\u043e\\u0434\\u0438\\u0442\\u0435\\u043b\\u0435\\u0439 \\u043e\\u0431\\u0449\\u0435\\u043e\\u0431\\u0440\\u0430\\u0437\\u043e\\u0432\\u0430\\u0442\\u0435\\u043b\\u044c\\u043d\\u044b\\u0445 \\u0443\\u0447\\u0440\\u0435\\u0436\\u0434\\u0435\\u043d\\u0438\\u0439, \\u0440\\u0435\\u0430\\u043b\\u0438\\u0437\\u0443\\u044e\\u0449\\u0438\\u0445 \\u043e\\u0441\\u043d\\u043e\\u0432\\u043d\\u044b\\u0435 \\u043e\\u0431\\u0449\\u0435\\u043e\\u0431\\u0440\\u0430\\u0437\\u043e\\u0432\\u0430\\u0442\\u0435\\u043b\\u044c\\u043d\\u044b\\u0435 \\u043f\\u0440\\u043e\\u0433\\u0440\\u0430\\u043c\\u043c\\u044b (2024), 1 \\u2014 11 \\u043a\\u043b\\u0430\\u0441\\u0441\\u044b (G)"}}]	13	1
61	2024-06-18 15:07:39.377917+04	6	5. Создание условий в ОО для достижения результатов	3		14	1
62	2024-06-18 15:07:39.381774+04	5	4. Результативность развития талантов у обучающихся	3		14	1
63	2024-06-18 15:07:39.383453+04	4	3. Обеспечение формирования навыков ЗОЖ и безопасности у обучающихся	3		14	1
64	2024-06-18 15:07:39.385069+04	3	Профессиональная ориентация обучающихся	3		14	1
65	2024-06-18 15:24:01.813343+04	8	2.1. Участие в Федеральной программе «Орлята России»	2	[]	15	1
66	2024-06-18 15:24:43.005438+04	9	2.2. Поддержка деятельности Общероссийского общественно-государственного движения детей и молодежи «Движение первых» (далее – РДДМ)	1	[{"added": {}}, {"added": {"name": "\\u041a\\u0440\\u0438\\u0442\\u0435\\u0440\\u0438\\u0439", "object": "\\u041d\\u0430\\u043b\\u0438\\u0447\\u0438\\u0435 \\u0434\\u0435\\u0439\\u0441\\u0442\\u0432\\u0443\\u044e\\u0449\\u0435\\u0433\\u043e \\u0432 \\u043e\\u0431\\u0440\\u0430\\u0437\\u043e\\u0432\\u0430\\u0442\\u0435\\u043b\\u044c\\u043d\\u043e\\u0439 \\u043e\\u0440\\u0433\\u0430\\u043d\\u0438\\u0437\\u0430\\u0446\\u0438\\u0438 \\u043f\\u0435\\u0440\\u0432\\u0438\\u0447\\u043d\\u043e\\u0433\\u043e \\u043e\\u0442\\u0434\\u0435\\u043b\\u0435\\u043d\\u0438\\u044f \\u0420\\u0414\\u0414\\u041c (\\u0411\\u0438\\u043d\\u0430\\u0440\\u043d\\u044b\\u0439 \\u0432\\u044b\\u0431\\u043e\\u0440 (\\u0414\\u0430/\\u041d\\u0435\\u0442))"}}, {"added": {"name": "\\u041a\\u0440\\u0438\\u0442\\u0435\\u0440\\u0438\\u0439", "object": "\\u0434\\u043e\\u043b\\u044f \\u0443\\u043d\\u0438\\u043a\\u0430\\u043b\\u044c\\u043d\\u044b\\u0445 \\u0443\\u0447\\u0430\\u0441\\u0442\\u043d\\u0438\\u043a\\u043e\\u0432, \\u0432\\u043e\\u0432\\u043b\\u0435\\u0447\\u0435\\u043d\\u043d\\u044b\\u0445 \\u0432 \\u043f\\u0440\\u043e\\u0435\\u043a\\u0442\\u044b, \\u043c\\u0435\\u0440\\u043e\\u043f\\u0440\\u0438\\u044f\\u0442\\u0438\\u044f \\u0420\\u0414\\u0414\\u041c (\\u0412\\u044b\\u0431\\u043e\\u0440 \\u0438\\u0437 \\u0441\\u043f\\u0438\\u0441\\u043a\\u0430)"}}]	15	1
67	2024-06-18 15:25:21.334593+04	13	доля уникальных участников, вовлеченных в проекты, мероприятия РДДМ (Выбор из списка)	2	[{"added": {"name": "\\u0412\\u0430\\u0440\\u0438\\u0430\\u043d\\u0442 \\u043e\\u0442\\u0432\\u0435\\u0442\\u0430", "object": "\\u043c\\u0435\\u043d\\u0435\\u0435 25%"}}, {"added": {"name": "\\u0412\\u0430\\u0440\\u0438\\u0430\\u043d\\u0442 \\u043e\\u0442\\u0432\\u0435\\u0442\\u0430", "object": "\\u0431\\u043e\\u043b\\u0435\\u0435 25%"}}, {"added": {"name": "\\u0412\\u0430\\u0440\\u0438\\u0430\\u043d\\u0442 \\u043e\\u0442\\u0432\\u0435\\u0442\\u0430", "object": "\\u0431\\u043e\\u043b\\u0435\\u0435 50%"}}]	12	1
87	2024-06-26 11:33:32.189938+04	4	Процент выпускников (Процент)	2	[{"added": {"name": "\\u0414\\u0438\\u0430\\u043f\\u043e\\u0437\\u043e\\u043d", "object": "\\u041f\\u0440\\u043e\\u0446\\u0435\\u043d\\u0442 \\u0432\\u044b\\u043f\\u0443\\u0441\\u043a\\u043d\\u0438\\u043a\\u043e\\u0432 (\\u041f\\u0440\\u043e\\u0446\\u0435\\u043d\\u0442) (D)"}}]	12	1
89	2024-06-26 12:10:58.303746+04	2	ООШ №5 (г.о. Октябрьск) (Критерии и показатели результативности качества работы (эффективности труда) руководителей общеобразовательных учреждений, реализующих основные общеобразовательные программы (	2	[{"changed": {"fields": ["\\u0421\\u0442\\u0430\\u0442\\u0443\\u0441"]}}]	19	1
68	2024-06-18 16:30:29.550018+04	1	Критерии и показатели результативности качества работы (эффективности труда) руководителей общеобразовательных учреждений, реализующих основные общеобразовательные программы (2024)	2	[{"added": {"name": "\\u0417\\u043e\\u043d\\u0430", "object": "\\u041a\\u0440\\u0438\\u0442\\u0435\\u0440\\u0438\\u0438 \\u0438 \\u043f\\u043e\\u043a\\u0430\\u0437\\u0430\\u0442\\u0435\\u043b\\u0438 \\u0440\\u0435\\u0437\\u0443\\u043b\\u044c\\u0442\\u0430\\u0442\\u0438\\u0432\\u043d\\u043e\\u0441\\u0442\\u0438 \\u043a\\u0430\\u0447\\u0435\\u0441\\u0442\\u0432\\u0430 \\u0440\\u0430\\u0431\\u043e\\u0442\\u044b (\\u044d\\u0444\\u0444\\u0435\\u043a\\u0442\\u0438\\u0432\\u043d\\u043e\\u0441\\u0442\\u0438 \\u0442\\u0440\\u0443\\u0434\\u0430) \\u0440\\u0443\\u043a\\u043e\\u0432\\u043e\\u0434\\u0438\\u0442\\u0435\\u043b\\u0435\\u0439 \\u043e\\u0431\\u0449\\u0435\\u043e\\u0431\\u0440\\u0430\\u0437\\u043e\\u0432\\u0430\\u0442\\u0435\\u043b\\u044c\\u043d\\u044b\\u0445 \\u0443\\u0447\\u0440\\u0435\\u0436\\u0434\\u0435\\u043d\\u0438\\u0439, \\u0440\\u0435\\u0430\\u043b\\u0438\\u0437\\u0443\\u044e\\u0449\\u0438\\u0445 \\u043e\\u0441\\u043d\\u043e\\u0432\\u043d\\u044b\\u0435 \\u043e\\u0431\\u0449\\u0435\\u043e\\u0431\\u0440\\u0430\\u0437\\u043e\\u0432\\u0430\\u0442\\u0435\\u043b\\u044c\\u043d\\u044b\\u0435 \\u043f\\u0440\\u043e\\u0433\\u0440\\u0430\\u043c\\u043c\\u044b (2024), 1 \\u2014 9 \\u043a\\u043b\\u0430\\u0441\\u0441\\u044b (R)"}}]	13	1
69	2024-06-18 16:36:28.768406+04	3	Процент соответствия (Процент)	2	[{"added": {"name": "\\u0414\\u0438\\u0430\\u043f\\u043e\\u0437\\u043e\\u043d", "object": "\\u041f\\u0440\\u043e\\u0446\\u0435\\u043d\\u0442 \\u0441\\u043e\\u043e\\u0442\\u0432\\u0435\\u0442\\u0441\\u0442\\u0432\\u0438\\u044f (\\u041f\\u0440\\u043e\\u0446\\u0435\\u043d\\u0442) (D)"}}, {"added": {"name": "\\u0414\\u0438\\u0430\\u043f\\u043e\\u0437\\u043e\\u043d", "object": "\\u041f\\u0440\\u043e\\u0446\\u0435\\u043d\\u0442 \\u0441\\u043e\\u043e\\u0442\\u0432\\u0435\\u0442\\u0441\\u0442\\u0432\\u0438\\u044f (\\u041f\\u0440\\u043e\\u0446\\u0435\\u043d\\u0442) (G)"}}]	12	1
70	2024-06-18 16:52:40.440426+04	13	доля уникальных участников, вовлеченных в проекты, мероприятия РДДМ (Выбор из списка)	2	[{"deleted": {"name": "\\u0412\\u0430\\u0440\\u0438\\u0430\\u043d\\u0442 \\u043e\\u0442\\u0432\\u0435\\u0442\\u0430", "object": "\\u0431\\u043e\\u043b\\u0435\\u0435 50%"}}]	12	1
71	2024-06-24 01:08:15.653316+04	8	гимназия (г.о. Самара)	3		11	1
72	2024-06-24 01:08:15.656696+04	7	МБОУ "Школа № 89 г.о. Самара	3		11	1
73	2024-06-24 01:08:15.658581+04	6	лицей (г.о. Самара)	3		11	1
74	2024-06-24 01:08:15.660389+04	5	ООШ №5 (г.о. Октябрьск)	3		11	1
75	2024-06-26 11:26:02.803774+04	1	Критерии и показатели результативности качества работы (эффективности труда) руководителей общеобразовательных учреждений, реализующих основные общеобразовательные программы (2024)	2	[{"changed": {"fields": ["\\u041e\\u043f\\u0443\\u0431\\u043b\\u0438\\u043a\\u043e\\u0432\\u0430\\u0442\\u044c?"]}}]	13	1
76	2024-06-26 11:26:14.401176+04	1	Критерии и показатели результативности качества работы (эффективности труда) руководителей общеобразовательных учреждений, реализующих основные общеобразовательные программы (2024)	2	[{"changed": {"fields": ["\\u041e\\u043f\\u0443\\u0431\\u043b\\u0438\\u043a\\u043e\\u0432\\u0430\\u0442\\u044c?"]}}]	13	1
77	2024-06-26 11:26:16.885408+04	1	Критерии и показатели результативности качества работы (эффективности труда) руководителей общеобразовательных учреждений, реализующих основные общеобразовательные программы (2024)	2	[{"changed": {"fields": ["\\u041e\\u043f\\u0443\\u0431\\u043b\\u0438\\u043a\\u043e\\u0432\\u0430\\u0442\\u044c?"]}}]	13	1
78	2024-06-26 11:28:38.009995+04	9	ООШ №5 (г.о. Октябрьск)	2	[{"changed": {"fields": ["\\u0414\\u0438\\u0440\\u0435\\u043a\\u0442\\u043e\\u0440"]}}]	11	1
79	2024-06-26 11:28:42.905836+04	1	Критерии и показатели результативности качества работы (эффективности труда) руководителей общеобразовательных учреждений, реализующих основные общеобразовательные программы (2024)	2	[{"changed": {"fields": ["\\u041e\\u043f\\u0443\\u0431\\u043b\\u0438\\u043a\\u043e\\u0432\\u0430\\u0442\\u044c?"]}}]	13	1
80	2024-06-26 11:28:47.225205+04	1	Критерии и показатели результативности качества работы (эффективности труда) руководителей общеобразовательных учреждений, реализующих основные общеобразовательные программы (2024)	2	[{"changed": {"fields": ["\\u041e\\u043f\\u0443\\u0431\\u043b\\u0438\\u043a\\u043e\\u0432\\u0430\\u0442\\u044c?"]}}]	13	1
81	2024-06-26 11:32:00.37006+04	11	доля обучающихся 5 – 11-х классов, участвующих в программе в качестве наставников для обучающихся начальных классов, составляет более 5% (Бинарный выбор (Да/Нет))	2	[{"changed": {"fields": ["\\u0411\\u0430\\u043b\\u043b\\u044b (\\u0435\\u0441\\u043b\\u0438 \\u0431\\u0438\\u043d\\u0430\\u0440\\u043d\\u044b\\u0439 \\u0432\\u044b\\u0431\\u043e\\u0440)"]}}]	12	1
82	2024-06-26 11:32:05.353695+04	10	Прохождение всеми зарегистрированными классами не менее 4 треков по программе «Орлята России» (Бинарный выбор (Да/Нет))	2	[{"changed": {"fields": ["\\u0411\\u0430\\u043b\\u043b\\u044b (\\u0435\\u0441\\u043b\\u0438 \\u0431\\u0438\\u043d\\u0430\\u0440\\u043d\\u044b\\u0439 \\u0432\\u044b\\u0431\\u043e\\u0440)"]}}]	12	1
83	2024-06-26 11:32:17.36731+04	9	Доля начальных классов, участвующих в программе, составляет более 50% (Бинарный выбор (Да/Нет))	2	[{"changed": {"fields": ["\\u0411\\u0430\\u043b\\u043b\\u044b (\\u0435\\u0441\\u043b\\u0438 \\u0431\\u0438\\u043d\\u0430\\u0440\\u043d\\u044b\\u0439 \\u0432\\u044b\\u0431\\u043e\\u0440)"]}}]	12	1
84	2024-06-26 11:32:51.649852+04	7	Процент выпускников (Процент)	2	[{"changed": {"fields": ["\\u0411\\u0430\\u043b\\u043b\\u044b (\\u0435\\u0441\\u043b\\u0438 \\u0431\\u0438\\u043d\\u0430\\u0440\\u043d\\u044b\\u0439 \\u0432\\u044b\\u0431\\u043e\\u0440)"]}}, {"added": {"name": "\\u0414\\u0438\\u0430\\u043f\\u043e\\u0437\\u043e\\u043d", "object": "\\u041f\\u0440\\u043e\\u0446\\u0435\\u043d\\u0442 \\u0432\\u044b\\u043f\\u0443\\u0441\\u043a\\u043d\\u0438\\u043a\\u043e\\u0432 (\\u041f\\u0440\\u043e\\u0446\\u0435\\u043d\\u0442) (L)"}}]	12	1
85	2024-06-26 11:33:09.572844+04	6	Процент обучающихся (Процент)	2	[{"added": {"name": "\\u0414\\u0438\\u0430\\u043f\\u043e\\u0437\\u043e\\u043d", "object": "\\u041f\\u0440\\u043e\\u0446\\u0435\\u043d\\u0442 \\u043e\\u0431\\u0443\\u0447\\u0430\\u044e\\u0449\\u0438\\u0445\\u0441\\u044f (\\u041f\\u0440\\u043e\\u0446\\u0435\\u043d\\u0442) (G)"}}]	12	1
90	2024-07-15 12:56:56.330195+04	1	Критерии и показатели результативности качества работы (эффективности труда) руководителей общеобразовательных учреждений, реализующих основные общеобразовательные программы (2024)	2	[{"added": {"name": "\\u0412\\u043b\\u043e\\u0436\\u0435\\u043d\\u0438\\u0435", "object": "\\u0412\\u043b\\u043e\\u0436\\u0435\\u043d\\u0438\\u0435 \\u21161 (\\u0414\\u043e\\u043a\\u0443\\u043c\\u0435\\u043d\\u0442 (\\u043f\\u0440\\u0438\\u043a\\u0440\\u0435\\u043f\\u043b\\u0451\\u043d\\u043d\\u044b\\u0439 \\u0444\\u0430\\u0439\\u043b))"}}, {"added": {"name": "\\u0412\\u043b\\u043e\\u0436\\u0435\\u043d\\u0438\\u0435", "object": "\\u0412\\u043b\\u043e\\u0436\\u0435\\u043d\\u0438\\u0435 \\u21162 (\\u0414\\u043e\\u043a\\u0443\\u043c\\u0435\\u043d\\u0442 (\\u043f\\u0440\\u0438\\u043a\\u0440\\u0435\\u043f\\u043b\\u0451\\u043d\\u043d\\u044b\\u0439 \\u0444\\u0430\\u0439\\u043b))"}}, {"added": {"name": "\\u0412\\u043b\\u043e\\u0436\\u0435\\u043d\\u0438\\u0435", "object": "\\u0412\\u043b\\u043e\\u0436\\u0435\\u043d\\u0438\\u0435 \\u21163 (\\u0414\\u043e\\u043a\\u0443\\u043c\\u0435\\u043d\\u0442 (\\u043f\\u0440\\u0438\\u043a\\u0440\\u0435\\u043f\\u043b\\u0451\\u043d\\u043d\\u044b\\u0439 \\u0444\\u0430\\u0439\\u043b))"}}, {"added": {"name": "\\u0412\\u043b\\u043e\\u0436\\u0435\\u043d\\u0438\\u0435", "object": "\\u0412\\u043b\\u043e\\u0436\\u0435\\u043d\\u0438\\u0435 \\u21164 (\\u0414\\u043e\\u043a\\u0443\\u043c\\u0435\\u043d\\u0442 (\\u043f\\u0440\\u0438\\u043a\\u0440\\u0435\\u043f\\u043b\\u0451\\u043d\\u043d\\u044b\\u0439 \\u0444\\u0430\\u0439\\u043b))"}}]	13	1
91	2024-07-15 13:21:34.499459+04	7	a.burmatsky@gmail.com	2	[{"changed": {"fields": ["Superuser status", "Staff status"]}}]	3	1
92	2024-07-15 16:00:14.930094+04	13	доля уникальных участников, вовлеченных в проекты, мероприятия РДДМ (Выбор из списка)	2	[{"changed": {"fields": ["\\u041f\\u0440\\u0438\\u043c\\u0435\\u0447\\u0430\\u043d\\u0438\\u0435"]}}]	12	7
93	2024-07-15 16:00:40.297667+04	9	2.2. Поддержка деятельности Общероссийского общественно-государственного движения детей и молодежи «Движение первых» (далее – РДДМ)	2	[{"changed": {"fields": ["\\u041f\\u0440\\u0438\\u043c\\u0435\\u0447\\u0430\\u043d\\u0438\\u0435"]}}]	15	7
94	2024-07-15 16:00:48.462423+04	2	2. Организация воспитательной работы  и деятельности по сопровождению профессионального самоопределения обучающихся	2	[{"changed": {"fields": ["\\u041f\\u0440\\u0438\\u043c\\u0435\\u0447\\u0430\\u043d\\u0438\\u0435"]}}]	14	7
95	2024-07-15 16:01:50.625595+04	2	ООШ №5 (г.о. Октябрьск) (Критерии и показатели результативности качества работы (эффективности труда) руководителей общеобразовательных учреждений, реализующих основные общеобразовательные программы (	2	[{"changed": {"fields": ["\\u0421\\u0442\\u0430\\u0442\\u0443\\u0441"]}}]	19	7
96	2024-07-15 16:02:34.102929+04	2	ООШ №5 (г.о. Октябрьск) (Критерии и показатели результативности качества работы (эффективности труда) руководителей общеобразовательных учреждений, реализующих основные общеобразовательные программы (	2	[{"changed": {"fields": ["\\u0421\\u0442\\u0430\\u0442\\u0443\\u0441"]}}]	19	7
97	2024-07-15 16:04:07.10479+04	2	ООШ №5 (г.о. Октябрьск) (Критерии и показатели результативности качества работы (эффективности труда) руководителей общеобразовательных учреждений, реализующих основные общеобразовательные программы (	2	[{"changed": {"fields": ["\\u0421\\u0442\\u0430\\u0442\\u0443\\u0441"]}}]	19	7
\.


--
-- Data for Name: django_content_type; Type: TABLE DATA; Schema: public; Owner: admin
--

COPY public.django_content_type (id, app_label, model) FROM stdin;
1	users	group
2	users	permission
3	users	user
4	admin	logentry
5	auth	permission
6	auth	group
7	contenttypes	contenttype
8	sessions	session
9	schools	schooltype
10	schools	teradmin
11	schools	school
12	reports	question
13	reports	report
14	reports	section
15	reports	field
16	reports	option
17	reports	rangeoption
18	reports	answer
19	reports	schoolreport
20	schools	schoolcloster
21	reports	reportzone
22	users	notification
23	reports	attachment
24	reports	reportfile
\.


--
-- Data for Name: django_migrations; Type: TABLE DATA; Schema: public; Owner: admin
--

COPY public.django_migrations (id, app, name, applied) FROM stdin;
1	contenttypes	0001_initial	2024-05-03 01:48:40.589602+04
2	contenttypes	0002_remove_content_type_name	2024-05-03 01:48:40.597754+04
3	auth	0001_initial	2024-05-03 01:48:40.644159+04
4	auth	0002_alter_permission_name_max_length	2024-05-03 01:48:40.651256+04
5	auth	0003_alter_user_email_max_length	2024-05-03 01:48:40.658312+04
6	auth	0004_alter_user_username_opts	2024-05-03 01:48:40.664516+04
7	auth	0005_alter_user_last_login_null	2024-05-03 01:48:40.67146+04
8	auth	0006_require_contenttypes_0002	2024-05-03 01:48:40.673607+04
9	auth	0007_alter_validators_add_error_messages	2024-05-03 01:48:40.680204+04
10	auth	0008_alter_user_username_max_length	2024-05-03 01:48:40.687128+04
11	auth	0009_alter_user_last_name_max_length	2024-05-03 01:48:40.695281+04
12	auth	0010_alter_group_name_max_length	2024-05-03 01:48:40.703209+04
13	auth	0011_update_proxy_permissions	2024-05-03 01:48:40.740283+04
14	auth	0012_alter_user_first_name_max_length	2024-05-03 01:48:40.747146+04
15	users	0001_initial	2024-05-03 01:48:40.806108+04
16	admin	0001_initial	2024-05-03 01:48:40.831401+04
17	admin	0002_logentry_remove_auto_add	2024-05-03 01:48:40.841118+04
18	admin	0003_logentry_add_action_flag_choices	2024-05-03 01:48:40.856085+04
19	sessions	0001_initial	2024-05-03 01:48:40.877286+04
20	schools	0001_initial	2024-05-06 15:32:19.950427+04
21	schools	0002_alter_school_principal_alter_teradmin_representative	2024-05-06 15:32:20.015198+04
22	schools	0003_school_inn	2024-05-06 15:32:20.040226+04
23	schools	0004_alter_school_email	2024-05-06 15:32:20.059826+04
24	schools	0005_alter_school_city_alter_school_email_and_more	2024-05-06 15:32:20.111296+04
25	users	0002_alter_group_options_alter_permission_options_and_more	2024-05-06 15:32:20.133635+04
26	schools	0006_school_code	2024-05-08 18:06:01.700043+04
27	schools	0007_alter_school_principal_alter_teradmin_representative	2024-05-08 18:06:01.738153+04
28	schools	0008_schoolcloster_remove_school_code_and_more	2024-06-18 11:05:02.912457+04
29	schools	0009_rename_сloster_school_closter	2024-06-18 11:05:02.942262+04
30	reports	0001_initial	2024-06-18 11:05:03.015698+04
31	reports	0002_option_delete_criterion_alter_field_options_and_more	2024-06-18 11:05:03.047493+04
32	reports	0003_question_field	2024-06-18 11:05:03.071599+04
33	reports	0004_option_question	2024-06-18 11:05:03.097687+04
34	reports	0005_alter_question_answer_type_rangeoption	2024-06-18 11:05:03.137457+04
35	reports	0006_alter_section_number	2024-06-18 11:05:03.149853+04
36	reports	0007_alter_field_number	2024-06-18 11:05:03.163115+04
37	reports	0008_alter_option_points_and_more	2024-06-18 11:05:03.215402+04
38	reports	0009_alter_question_bool_points	2024-06-18 11:05:03.231455+04
39	reports	0010_report_name	2024-06-18 11:05:03.244462+04
40	reports	0011_answer_schoolreport	2024-06-18 11:05:03.309272+04
41	reports	0012_answer_s_report_schoolreport_status	2024-06-18 11:05:03.343723+04
42	reports	0013_alter_field_section	2024-06-18 11:05:03.36622+04
43	reports	0014_alter_schoolreport_status	2024-06-18 11:05:03.380385+04
44	reports	0015_rangeoption_equal_alter_rangeoption_range_type_and_more	2024-06-18 11:05:03.40565+04
45	reports	0016_alter_section_number	2024-06-18 11:54:16.741024+04
46	reports	0017_remove_report_closter_reportzone	2024-06-18 14:17:27.70836+04
47	reports	0018_reportzone_greater_or_equal_reportzone_less_or_equal_and_more	2024-06-18 14:17:27.736627+04
48	reports	0019_remove_reportzone_greater_or_equal_and_more	2024-06-18 14:17:27.767941+04
49	reports	0020_remove_reportzone_value_reportzone_greater_or_equal_and_more	2024-06-18 14:17:27.801709+04
50	reports	0021_alter_reportzone_options	2024-06-18 15:31:36.02637+04
51	schools	0010_alter_school_school_type	2024-06-18 15:31:36.071407+04
52	reports	0022_remove_reportzone_school_type_reportzone_ed_level	2024-06-24 01:06:37.282201+04
53	reports	0023_alter_answer_option	2024-06-24 01:06:37.321324+04
54	reports	0024_answer_bool_value_answer_points	2024-06-24 01:06:37.342214+04
55	schools	0011_remove_school_inn_school_ais_id	2024-06-24 01:06:37.395061+04
56	schools	0012_school_ed_level_alter_school_school_type	2024-06-24 01:06:37.460771+04
57	reports	0025_rangeoption_points	2024-06-26 11:25:05.481568+04
58	reports	0026_answer_number_value	2024-06-26 11:25:05.494156+04
59	reports	0027_alter_answer_bool_value	2024-06-26 11:25:05.504078+04
60	reports	0028_answer_is_ready	2024-06-26 11:25:05.517059+04
61	reports	0029_remove_answer_is_ready_schoolreport_is_ready	2024-06-26 11:25:05.538593+04
62	reports	0030_report_is_published	2024-06-26 11:25:05.549777+04
63	users	0003_notification	2024-06-26 11:25:05.583497+04
64	users	0004_notification_link	2024-06-26 11:25:05.597992+04
65	reports	0031_field_note_question_note	2024-07-15 12:49:24.879963+04
66	reports	0032_section_note	2024-07-15 12:49:24.896262+04
67	reports	0033_attachment	2024-07-15 12:49:24.91106+04
68	reports	0034_attachment_report	2024-07-15 12:49:24.948218+04
69	reports	0035_alter_report_options_attachment_file	2024-07-15 12:49:24.963045+04
70	reports	0036_remove_attachment_file_reportfile	2024-07-15 12:49:25.008807+04
71	reports	0037_alter_reportfile_file	2024-07-15 12:49:25.018165+04
72	reports	0038_answer_is_mod_by_ter	2024-07-15 12:49:25.031918+04
\.


--
-- Data for Name: django_session; Type: TABLE DATA; Schema: public; Owner: admin
--

COPY public.django_session (session_key, session_data, expire_date) FROM stdin;
8v2if7tcj0wlnfgecuf3hbiofx4shr0n	.eJxVjDsOwyAQRO9CHSEQmE_K9DkD2l0gOIlAMnZl5e4xkotEmmrem9lZgG0tYetpCXNkV2bZ5bdDoFeqA8Qn1Efj1Oq6zMiHwk_a-b3F9L6d7t9BgV6OtUMAa0yycgIgQg2ehJDSRiTvctaYjTKondKawFlQAxo64icTBft8Af_NOAM:1sJWmu:fs0AT5h-Poqfi3dAxTO5NfXV5-SEZnhXz5tDKknCvZs	2024-07-02 15:14:08.779476+04
w93e6lkmsz8qeq76inp9sjqd4u4rg2hj	.eJxVjDsOwyAQRO9CHSEQmE_K9DkD2l0gOIlAMnZl5e4xkotEmmrem9lZgG0tYetpCXNkV2bZ5bdDoFeqA8Qn1Efj1Oq6zMiHwk_a-b3F9L6d7t9BgV6OtUMAa0yycgIgQg2ehJDSRiTvctaYjTKondKawFlQAxo64icTBft8Af_NOAM:1sMN6q:7CZbqfUYbGjvzD2UV_iC_SbuJO86myPgnnGRMAlYGBQ	2024-07-10 11:30:28.022155+04
ym6vjeuw9mat4sdn1qg5lpvkmslehgvn	.eJxVjDsOwyAQRO9CHSEQmE_K9DkD2l0gOIlAMnZl5e4xkotEmmrem9lZgG0tYetpCXNkV2bZ5bdDoFeqA8Qn1Efj1Oq6zMiHwk_a-b3F9L6d7t9BgV6OtUMAa0yycgIgQg2ehJDSRiTvctaYjTKondKawFlQAxo64icTBft8Af_NOAM:1sMNgR:km_XYvlcVZQxH4zl5e5ZK2a8D0grap9cz9KBIgvSCB0	2024-07-10 12:07:15.390883+04
pfvg6lbi9i95swpmq6tsb2sy1ree26oi	.eJxVjEEOwiAQRe_C2hCYUmBcuvcMhAFGqoYmpV0Z765NutDtf-_9lwhxW2vYelnClMVZaHH63SimR2k7yPfYbrNMc1uXieSuyIN2eZ1zeV4O9--gxl6_NQGyKcl5hOz0oLRHy6h0QpvBMBAnBLCkdGHGwY0aR0bw2aLxjpJ4fwDNIDc-:1sMOG1:CTGhHojFW6Sp-qyCekmeLmAQc7P99R7NVIl4ig7AeX0	2024-07-10 12:44:01.662885+04
92970893xck0jcr6upqyqzuqyt4nuv1d	.eJxVjEEOwiAQRe_C2hCYUmBcuvcMhAFGqoYmpV0Z765NutDtf-_9lwhxW2vYelnClMVZaHH63SimR2k7yPfYbrNMc1uXieSuyIN2eZ1zeV4O9--gxl6_NQGyKcl5hOz0oLRHy6h0QpvBMBAnBLCkdGHGwY0aR0bw2aLxjpJ4fwDNIDc-:1s2meb:VcmGONbQYkV8aoCDnckkjbP-PbAiMOYPpo6Em1QpjPQ	2024-05-17 10:44:21.632078+04
3idlr9i3tu4cl5mdbdwkdojxo2we9osq	.eJxVjEEOwiAQRe_C2hCYUmBcuvcMhAFGqoYmpV0Z765NutDtf-_9lwhxW2vYelnClMVZaHH63SimR2k7yPfYbrNMc1uXieSuyIN2eZ1zeV4O9--gxl6_NQGyKcl5hOz0oLRHy6h0QpvBMBAnBLCkdGHGwY0aR0bw2aLxjpJ4fwDNIDc-:1sTHQ4:EfG-jpx96deDVesXUxpZw1YURzLxLmslBIfqRTHYuhc	2024-07-29 12:50:52.90459+04
vd3crtu5a81ncgtzg0kuzqirvhvhkrcf	.eJxVjDsOwyAQRO9CHSEQmE_K9DkD2l0gOIlAMnZl5e4xkotEmmrem9lZgG0tYetpCXNkV2bZ5bdDoFeqA8Qn1Efj1Oq6zMiHwk_a-b3F9L6d7t9BgV6OtUMAa0yycgIgQg2ehJDSRiTvctaYjTKondKawFlQAxo64icTBft8Af_NOAM:1sTI1S:htKS1F6iiS0ig1I-lI_v-uQoDE5swzfV8AbyiwzbOlg	2024-07-29 13:29:30.559597+04
c9cbg54ydm21z0s1uta1itgomogw535q	.eJxVjEEOwiAQRe_C2hCYUmBcuvcMhAFGqoYmpV0Z765NutDtf-_9lwhxW2vYelnClMVZaHH63SimR2k7yPfYbrNMc1uXieSuyIN2eZ1zeV4O9--gxl6_NQGyKcl5hOz0oLRHy6h0QpvBMBAnBLCkdGHGwY0aR0bw2aLxjpJ4fwDNIDc-:1s2mq3:_0uH82XKEGiBT5FIKQIXd7vjO87QT8sFP942BypHFNc	2024-05-17 10:56:11.789721+04
18wcm62ryjzzie1kcdx20p9rd6p8ovje	.eJxVjEEOwiAQRe_C2hCYUmBcuvcMhAFGqoYmpV0Z765NutDtf-_9lwhxW2vYelnClMVZaHH63SimR2k7yPfYbrNMc1uXieSuyIN2eZ1zeV4O9--gxl6_NQGyKcl5hOz0oLRHy6h0QpvBMBAnBLCkdGHGwY0aR0bw2aLxjpJ4fwDNIDc-:1s2nHf:YKTV0fc0_TYkrmaV-2rcDn5wy3ydbZ720lTlPCuUIEk	2024-05-17 11:24:43.834251+04
mkcrd2p082dliks500ask6m92vlcf4ba	.eJxVjEEOwiAQRe_C2hCYUmBcuvcMhAFGqoYmpV0Z765NutDtf-_9lwhxW2vYelnClMVZaHH63SimR2k7yPfYbrNMc1uXieSuyIN2eZ1zeV4O9--gxl6_NQGyKcl5hOz0oLRHy6h0QpvBMBAnBLCkdGHGwY0aR0bw2aLxjpJ4fwDNIDc-:1s3wbE:rjQYqY0VI9cYwJl4Rz2Fp1rrklJ2PbxsxLy_a5oatQo	2024-05-20 15:33:40.71009+04
pmlda410yc5nkawv4mawe409j6hjza4w	.eJxVjEEOwiAQRe_C2hCYUmBcuvcMhAFGqoYmpV0Z765NutDtf-_9lwhxW2vYelnClMVZaHH63SimR2k7yPfYbrNMc1uXieSuyIN2eZ1zeV4O9--gxl6_NQGyKcl5hOz0oLRHy6h0QpvBMBAnBLCkdGHGwY0aR0bw2aLxjpJ4fwDNIDc-:1s4UGK:Dqw5JFHGSvpsDEmuOxgxLhq209IGCOYWiS8gdohQcSc	2024-05-22 03:30:20.440406+04
5l477tfhwkkjnnepsfnh1aciobbtz335	.eJxVjEEOwiAQRe_C2hCYUmBcuvcMhAFGqoYmpV0Z765NutDtf-_9lwhxW2vYelnClMVZaHH63SimR2k7yPfYbrNMc1uXieSuyIN2eZ1zeV4O9--gxl6_NQGyKcl5hOz0oLRHy6h0QpvBMBAnBLCkdGHGwY0aR0bw2aLxjpJ4fwDNIDc-:1s4UJM:UV_MTAIVEquILcUivjrdj17tQBTfxM4eZRFN22QhSEk	2024-05-22 03:33:28.574719+04
0k9n97nep3mnbxsaddubi5g8f9yjzmg5	.eJxVjEEOwiAQRe_C2hCYUmBcuvcMhAFGqoYmpV0Z765NutDtf-_9lwhxW2vYelnClMVZaHH63SimR2k7yPfYbrNMc1uXieSuyIN2eZ1zeV4O9--gxl6_NQGyKcl5hOz0oLRHy6h0QpvBMBAnBLCkdGHGwY0aR0bw2aLxjpJ4fwDNIDc-:1s4hxa:NFhchvzpX73n2oX2ZEAl0vZeS9T4KAosCCGGAeZIMSs	2024-05-22 18:07:54.739015+04
pj9haeh8cvedcjko0ywdm28adnsuk5po	.eJxVjEEOwiAQRe_C2hCYUmBcuvcMhAFGqoYmpV0Z765NutDtf-_9lwhxW2vYelnClMVZaHH63SimR2k7yPfYbrNMc1uXieSuyIN2eZ1zeV4O9--gxl6_NQGyKcl5hOz0oLRHy6h0QpvBMBAnBLCkdGHGwY0aR0bw2aLxjpJ4fwDNIDc-:1s66Ue:KpfEkN9anzaC4ELp7l_ZmrBOSFgRAfbauRWiHbysG60	2024-05-26 14:31:48.167291+04
slv4byaurlxzbqwo4ie3fruue7gqeg12	.eJxVjEEOwiAQRe_C2hAKBcGle89ABmZGqgaS0q6Md7dNutDtf-_9t4iwLiWuneY4obgIJ06_W4L8pLoDfEC9N5lbXeYpyV2RB-3y1pBe18P9OyjQy1YH75LSI6SseeBgFHnQMBInJDtodTYWAA3xJpEPNgQLymdg0tk5ZvH5AvUDOJU:1s6R0w:E3fdIEF-zRO7ku4lT5nfGAgB9B2LX0IWQ46uWJXO8Ns	2024-05-27 12:26:30.069332+04
4ci660wig4fqruleaf782h8et5yf4kaj	.eJxVjM0OwiAQBt-FsyHVAks9eu8zkA92kaqhSX9Oxnc3JD3odWYybxWwbyXsqyxhYnVVpE6_LCI9pTbBD9T7rNNct2WKuiX6sKseZ5bX7Wj_BgVradvM2fqzZT8YAzEcIdaQUO-IGYKUB5fgfRaTiSCEi8sdKHY9qDPq8wUVnzkP:1s6Rh1:2HpV0tjYBPd7ftH8bhwAEcE4uB1vJ1eWyi1fmsG0PH0	2024-05-27 13:09:59.745867+04
oz1dqaae3lmnqyz3dwvhqxu5k5rlbhzv	.eJxVjEEOwiAQRe_C2hCYUmBcuvcMhAFGqoYmpV0Z765NutDtf-_9lwhxW2vYelnClMVZaHH63SimR2k7yPfYbrNMc1uXieSuyIN2eZ1zeV4O9--gxl6_NQGyKcl5hOz0oLRHy6h0QpvBMBAnBLCkdGHGwY0aR0bw2aLxjpJ4fwDNIDc-:1s7XIF:jLIyq6Dwud24KnnfrZ7Oo91TzhLf1Bet5-35MVOXw0E	2024-05-30 13:20:55.749613+04
me407yowgzxvmk551g496r0n9k6enf8q	.eJxVjEEOwiAQRe_C2hCYUmBcuvcMhAFGqoYmpV0Z765NutDtf-_9lwhxW2vYelnClMVZaHH63SimR2k7yPfYbrNMc1uXieSuyIN2eZ1zeV4O9--gxl6_NQGyKcl5hOz0oLRHy6h0QpvBMBAnBLCkdGHGwY0aR0bw2aLxjpJ4fwDNIDc-:1s7uw5:uvEaIt22AgvzB-aC1gPuRZkxaL7bLCRauhzpaiJzVNI	2024-05-31 14:35:37.149201+04
ni45wbqfe6vgwh0ium6w621n4vpgkolr	.eJxVjEEOwiAQRe_C2hCYUmBcuvcMhAFGqoYmpV0Z765NutDtf-_9lwhxW2vYelnClMVZaHH63SimR2k7yPfYbrNMc1uXieSuyIN2eZ1zeV4O9--gxl6_NQGyKcl5hOz0oLRHy6h0QpvBMBAnBLCkdGHGwY0aR0bw2aLxjpJ4fwDNIDc-:1sJVsR:OKXgET3RccI2LiJPmj-VHm7esF5epFOliD4SaRF-4o4	2024-07-02 14:15:47.822626+04
8jd4e3l65coun1mj6tnywpig8zb9aygm	.eJxVjEEOwiAQRe_C2hCYUmBcuvcMhAFGqoYmpV0Z765NutDtf-_9lwhxW2vYelnClMVZaHH63SimR2k7yPfYbrNMc1uXieSuyIN2eZ1zeV4O9--gxl6_NQGyKcl5hOz0oLRHy6h0QpvBMBAnBLCkdGHGwY0aR0bw2aLxjpJ4fwDNIDc-:1sJWSy:OtoXPiUbn0G4Ry3155rX3vr2_fEz2q_4e_sz7FFzr3E	2024-07-02 14:53:32.530737+04
l4ra2syge1825gshtwbi560e4zn27y6q	.eJxVjDsOwyAQRO9CHSEQmE_K9DkD2l0gOIlAMnZl5e4xkotEmmrem9lZgG0tYetpCXNkV2bZ5bdDoFeqA8Qn1Efj1Oq6zMiHwk_a-b3F9L6d7t9BgV6OtUMAa0yycgIgQg2ehJDSRiTvctaYjTKondKawFlQAxo64icTBft8Af_NOAM:1sJWT5:UgqllvfWYwpQcDmjpHLmOvg9dynX7E26_yYjMQebdIQ	2024-07-02 14:53:39.625058+04
\.


--
-- Data for Name: reports_answer; Type: TABLE DATA; Schema: public; Owner: admin
--

COPY public.reports_answer (id, option_id, question_id, s_report_id, bool_value, points, number_value, is_mod_by_ter) FROM stdin;
4	\N	12	2	f	0.0	0.0	f
7	6	1	2	f	0.5	0.0	t
10	\N	5	2	f	0.0	0.0	f
11	\N	3	2	f	0.0	0.0	f
13	\N	4	2	f	0.0	0.0	f
8	4	2	2	f	1.5	0.0	f
9	\N	6	2	f	0.0	0.0	f
6	12	8	2	f	1.5	0.0	f
12	\N	7	2	f	0.0	12.0	f
2	\N	10	2	f	0.0	0.0	f
3	\N	11	2	f	0.0	0.0	f
1	\N	9	2	t	1.0	0.0	f
5	15	13	2	f	2.0	0.0	f
\.


--
-- Data for Name: reports_attachment; Type: TABLE DATA; Schema: public; Owner: admin
--

COPY public.reports_attachment (id, name, attachment_type, report_id) FROM stdin;
1	Вложение №1	DC	1
2	Вложение №2	DC	1
3	Вложение №3	DC	1
4	Вложение №4	DC	1
\.


--
-- Data for Name: reports_field; Type: TABLE DATA; Schema: public; Owner: admin
--

COPY public.reports_field (id, number, name, section_id, note) FROM stdin;
1	1	Использование автоматизированных средств обеспечения мониторинга качества обучения (модуль МСОКО АСУ РСО)	1	\N
2	2	Соответствие не менее 75% итоговых (годовых) отметок обучающихся 4-х классов результатам ВПР	1	\N
3	3	Доля выпускников 9-х классов,  получивших аттестат об основном общем образовании, от общего количества выпускников 9-х классов на конец учебного года (без учета сентябрьских сроков ГИА)	1	\N
4	4	Доля обучающихся 9-х классов, которые по четырем  предметам ОГЭ в сумме набрали 20 баллов (по рекомендованной ФИПИ 5-балльной шкале)  (без учета сентябрьских сроков ГИА) от общего количества участников ОГЭ	1	\N
5	5	Доля обучающихся 9-х классов, которые по четырем  предметам ОГЭ в сумме набрали 16-19 баллов (по рекомендованной ФИПИ 5- балльной шкале) (без учета сентябрьских сроков ГИА) от общего количества участников ОГЭ	1	\N
6	6	Доля выпускников 9-х классов, получивших аттестат с отличием и набравших по всем предметам ОГЭ максимальный балл по 5-балльной шкале, от общего количества выпускников 9-х классов, получивших аттестат с отличием	1	\N
7	7	Соответствие не менее 65% годовых отметок обучающихся 9-х классов результатам ОГЭ	1	\N
8	1	Участие в Федеральной программе «Орлята России»	2	\N
9	2	Поддержка деятельности Общероссийского общественно-государственного движения детей и молодежи «Движение первых» (далее – РДДМ)	2	примечание 2
\.


--
-- Data for Name: reports_option; Type: TABLE DATA; Schema: public; Owner: admin
--

COPY public.reports_option (id, name, points, question_id) FROM stdin;
1	не выполняется	0.0	2
2	по одному предмету в одном классе на каждом уровне	0.5	2
3	не менее двух предметов не менее чем в одном классе на каждом уровне	1.0	2
4	не менее 2 предметов во всех классах на каждом уровне	1.5	2
5	не выполняется	0.0	1
6	не менее одного класса на каждом уровне	0.5	1
7	во всех классах одной параллели на каждом уровне	1.0	1
8	во всех классах на каждом уровне	1.5	1
9	не соответсвует	0.0	8
10	соответствие по одному предмету	0.5	8
11	соответствие по двум предметам	1.0	8
12	соответствие по трем предметам	1.5	8
13	соответствие по четырем предметам	2.0	8
14	менее 25%	0.0	13
15	более 25%	2.0	13
\.


--
-- Data for Name: reports_question; Type: TABLE DATA; Schema: public; Owner: admin
--

COPY public.reports_question (id, answer_type, bool_points, name, field_id, note) FROM stdin;
2	LST	0.0	Ведется мониторинг средствами МСОКО АСУ РСО в разрезе предметов	1	\N
1	LST	0.0	Ведется мониторинг средствами МСОКО АСУ РСО в разрезе уровня (независимо от количества предметов)	1	\N
8	LST	0.0	Процент соответствия отметок	7	\N
12	BL	0.0	Наличие действующего в образовательной организации первичного отделения РДДМ	9	\N
11	BL	3.0	доля обучающихся 5 – 11-х классов, участвующих в программе в качестве наставников для обучающихся начальных классов, составляет более 5%	8	\N
10	BL	2.0	Прохождение всеми зарегистрированными классами не менее 4 треков по программе «Орлята России»	8	\N
9	BL	1.0	Доля начальных классов, участвующих в программе, составляет более 50%	8	\N
7	PRC	3.0	Процент выпускников	6	\N
6	PRC	0.0	Процент обучающихся	5	\N
5	PRC	0.0	Процент обучающихся	4	\N
4	PRC	0.0	Процент выпускников	3	\N
3	PRC	0.0	Процент соответствия	2	\N
13	LST	0.0	доля уникальных участников, вовлеченных в проекты, мероприятия РДДМ	9	Примечание № 1
\.


--
-- Data for Name: reports_rangeoption; Type: TABLE DATA; Schema: public; Owner: admin
--

COPY public.reports_rangeoption (id, range_type, less_or_equal, greater_or_equal, question_id, equal, points) FROM stdin;
3	L	5.0	\N	7	\N	2.0
4	G	\N	10.0	6	\N	4.0
5	L	5.0	\N	5	\N	1.0
6	D	30.0	12.0	4	\N	2.0
1	D	60.0	40.0	3	\N	1.0
2	G	\N	41.0	3	\N	2.0
\.


--
-- Data for Name: reports_report; Type: TABLE DATA; Schema: public; Owner: admin
--

COPY public.reports_report (id, year, name, is_published) FROM stdin;
1	2024	Критерии и показатели результативности качества работы (эффективности труда) руководителей общеобразовательных учреждений, реализующих основные общеобразовательные программы	t
\.


--
-- Data for Name: reports_reportfile; Type: TABLE DATA; Schema: public; Owner: admin
--

COPY public.reports_reportfile (id, file, attachment_id, s_report_id) FROM stdin;
1	media/reports/Screenshot_from_2024-07-04_18-55-30.png	1	2
2	media/reports/contact.csv	2	2
\.


--
-- Data for Name: reports_reportzone; Type: TABLE DATA; Schema: public; Owner: admin
--

COPY public.reports_reportzone (id, zone, closter_id, report_id, range_type, greater_or_equal, less_or_equal, ed_level) FROM stdin;
1	R	4	1	D	0.0	373.0	A
2	Y	4	1	D	374.0	478.0	A
3	G	4	1	G	479.0	\N	A
4	R	4	1	D	0.0	100.0	A
\.


--
-- Data for Name: reports_schoolreport; Type: TABLE DATA; Schema: public; Owner: admin
--

COPY public.reports_schoolreport (id, report_id, school_id, status, is_ready) FROM stdin;
2	1	9	B	t
\.


--
-- Data for Name: reports_section; Type: TABLE DATA; Schema: public; Owner: admin
--

COPY public.reports_section (id, number, name, report_id, note) FROM stdin;
1	1	Обеспечение качества массового обучения	1	\N
2	2	Организация воспитательной работы  и деятельности по сопровождению профессионального самоопределения обучающихся	1	примечание 3
\.


--
-- Data for Name: schools_school; Type: TABLE DATA; Schema: public; Owner: admin
--

COPY public.schools_school (id, name, short_name, email, city, number, principal_id, school_type_id, ter_admin_id, closter_id, ais_id, ed_level) FROM stdin;
10	Муниципальное автономное общеобразовательное учреждение "Самарский медико-технический лицей" городского округа Самара	МАОУ СМТЛ г.о. Самара	so_sdo.smtl@samara.edu.ru	г.о. Самара	\N	\N	4	9	5	3	M
11	Муниципальное бюджетное общеобразовательное учреждение "Школа №89" городского округа Самара	МБОУ "Школа № 89 г.о. Самара	so_sdo.school_89@samara.edu.ru	г.о. Самара	89	\N	\N	9	3	4	G
12	Муниципальное бюджетное общеобразовательное учреждение «Гимназия Перспектива» городского округа\nСамара	МБОУ гимназия "Перспектива" г.о. Самара	so_sdo.perspektiva@samara.edu.ru	г.о. Самара	\N	\N	5	9	6	5	MG
9	Государственное бюджетное общеобразовательное учреждение основная общеобразовательная школа № 5 имени Героя Советского Союза А.Д. Вологина городского округа Октябрьск Самарской области	ГБОУ ООШ № 5  г.о. Октябрьск	so_school5_okt@samara.edu.ru	г.о. Октябрьск	5	7	2	13	4	1	A
\.


--
-- Data for Name: schools_schoolcloster; Type: TABLE DATA; Schema: public; Owner: admin
--

COPY public.schools_schoolcloster (id, name) FROM stdin;
1	Малокомплектные школы
2	Немалокомплектные школы
3	Районные, сельские и городские школы (с численностью учащихся более 250 человек)
4	Школы г.о. Самара и г.о. Тольятти
5	Школы с ушлубленным изучением отдельных предметов, лицеи и гимназии
6	Начальные школы
\.


--
-- Data for Name: schools_schooltype; Type: TABLE DATA; Schema: public; Owner: admin
--

COPY public.schools_schooltype (id, name, short_name) FROM stdin;
1	средняя общеобразовательная школа	СОШ
2	основная общеобразовательная школа	ООШ
3	школа-интернат	школа-интернат
4	лицей	лицей
5	гимназия	гимназия
\.


--
-- Data for Name: schools_teradmin; Type: TABLE DATA; Schema: public; Owner: admin
--

COPY public.schools_teradmin (id, name, representative_id) FROM stdin;
1	Самарское управление	\N
2	Кинельское управление	\N
3	Северное управление	\N
4	Департамент образования г.о. Тольятти	\N
5	Северо-Восточное управление	\N
6	Центральное управление	\N
7	Отрадненское управление	\N
8	Юго-Восточное управление	\N
9	Департамент образования г.о. Самара	\N
10	Южное управление	\N
11	Поволжское управление	\N
12	Юго-Западное управление	\N
13	Западное управление	\N
14	Северо-Западное управление	\N
15	Тольяттинское управление	\N
16	Северо-Восточное управление	\N
\.


--
-- Data for Name: users_group; Type: TABLE DATA; Schema: public; Owner: admin
--

COPY public.users_group (group_ptr_id) FROM stdin;
1
2
\.


--
-- Data for Name: users_notification; Type: TABLE DATA; Schema: public; Owner: admin
--

COPY public.users_notification (id, is_read, message, "timestamp", user_id, link) FROM stdin;
1	f	Вам доступен новый отчёт "Критерии и показатели результативности качества работы (эффективности труда) руководителей общеобразовательных учреждений, реализующих основные общеобразовательные программы"	2024-06-26 11:28:47.222227+04	7	/report/1/9
\.


--
-- Data for Name: users_permission; Type: TABLE DATA; Schema: public; Owner: admin
--

COPY public.users_permission (permission_ptr_id) FROM stdin;
\.


--
-- Data for Name: users_user; Type: TABLE DATA; Schema: public; Owner: admin
--

COPY public.users_user (id, password, last_login, is_superuser, first_name, last_name, is_staff, is_active, date_joined, middle_name, email, phone_number) FROM stdin;
1	pbkdf2_sha256$720000$YQyo3owTn8jebqnsZt7pL2$Htaix67D4DacK8nzcoH5FXgsSbz4+5JIzSRU0moPCw4=	2024-07-15 12:50:52.899522+04	t			t	t	2024-05-03 01:49:27.954703+04	\N	test@test.ru	\N
7	pbkdf2_sha256$720000$vt3GtPd82t8FaYR673SLbl$Q8KYGfYySrHaYAjYdujAYr8C0EHoOws6ecqlYFbsTpg=	2024-07-15 13:29:30.556265+04	t	Антон	Бурмацкий	t	t	2024-05-13 13:08:52+04	\N	a.burmatsky@gmail.com	+7927900805
\.


--
-- Data for Name: users_user_groups; Type: TABLE DATA; Schema: public; Owner: admin
--

COPY public.users_user_groups (id, user_id, group_id) FROM stdin;
6	7	2
\.


--
-- Data for Name: users_user_user_permissions; Type: TABLE DATA; Schema: public; Owner: admin
--

COPY public.users_user_user_permissions (id, user_id, permission_id) FROM stdin;
\.


--
-- Name: auth_group_id_seq; Type: SEQUENCE SET; Schema: public; Owner: admin
--

SELECT pg_catalog.setval('public.auth_group_id_seq', 2, true);


--
-- Name: auth_group_permissions_id_seq; Type: SEQUENCE SET; Schema: public; Owner: admin
--

SELECT pg_catalog.setval('public.auth_group_permissions_id_seq', 1, false);


--
-- Name: auth_permission_id_seq; Type: SEQUENCE SET; Schema: public; Owner: admin
--

SELECT pg_catalog.setval('public.auth_permission_id_seq', 96, true);


--
-- Name: django_admin_log_id_seq; Type: SEQUENCE SET; Schema: public; Owner: admin
--

SELECT pg_catalog.setval('public.django_admin_log_id_seq', 97, true);


--
-- Name: django_content_type_id_seq; Type: SEQUENCE SET; Schema: public; Owner: admin
--

SELECT pg_catalog.setval('public.django_content_type_id_seq', 24, true);


--
-- Name: django_migrations_id_seq; Type: SEQUENCE SET; Schema: public; Owner: admin
--

SELECT pg_catalog.setval('public.django_migrations_id_seq', 72, true);


--
-- Name: reports_answer_id_seq; Type: SEQUENCE SET; Schema: public; Owner: admin
--

SELECT pg_catalog.setval('public.reports_answer_id_seq', 13, true);


--
-- Name: reports_attachment_id_seq; Type: SEQUENCE SET; Schema: public; Owner: admin
--

SELECT pg_catalog.setval('public.reports_attachment_id_seq', 4, true);


--
-- Name: reports_field_id_seq; Type: SEQUENCE SET; Schema: public; Owner: admin
--

SELECT pg_catalog.setval('public.reports_field_id_seq', 9, true);


--
-- Name: reports_option_id_seq; Type: SEQUENCE SET; Schema: public; Owner: admin
--

SELECT pg_catalog.setval('public.reports_option_id_seq', 16, true);


--
-- Name: reports_question_id_seq; Type: SEQUENCE SET; Schema: public; Owner: admin
--

SELECT pg_catalog.setval('public.reports_question_id_seq', 13, true);


--
-- Name: reports_rangeoption_id_seq; Type: SEQUENCE SET; Schema: public; Owner: admin
--

SELECT pg_catalog.setval('public.reports_rangeoption_id_seq', 6, true);


--
-- Name: reports_report_id_seq; Type: SEQUENCE SET; Schema: public; Owner: admin
--

SELECT pg_catalog.setval('public.reports_report_id_seq', 1, true);


--
-- Name: reports_reportfile_id_seq; Type: SEQUENCE SET; Schema: public; Owner: admin
--

SELECT pg_catalog.setval('public.reports_reportfile_id_seq', 2, true);


--
-- Name: reports_reportzone_id_seq; Type: SEQUENCE SET; Schema: public; Owner: admin
--

SELECT pg_catalog.setval('public.reports_reportzone_id_seq', 4, true);


--
-- Name: reports_schoolreport_id_seq; Type: SEQUENCE SET; Schema: public; Owner: admin
--

SELECT pg_catalog.setval('public.reports_schoolreport_id_seq', 2, true);


--
-- Name: reports_section_id_seq; Type: SEQUENCE SET; Schema: public; Owner: admin
--

SELECT pg_catalog.setval('public.reports_section_id_seq', 6, true);


--
-- Name: schools_school_id_seq; Type: SEQUENCE SET; Schema: public; Owner: admin
--

SELECT pg_catalog.setval('public.schools_school_id_seq', 12, true);


--
-- Name: schools_schoolcloster_id_seq; Type: SEQUENCE SET; Schema: public; Owner: admin
--

SELECT pg_catalog.setval('public.schools_schoolcloster_id_seq', 6, true);


--
-- Name: schools_schooltype_id_seq; Type: SEQUENCE SET; Schema: public; Owner: admin
--

SELECT pg_catalog.setval('public.schools_schooltype_id_seq', 5, true);


--
-- Name: schools_teradmin_id_seq; Type: SEQUENCE SET; Schema: public; Owner: admin
--

SELECT pg_catalog.setval('public.schools_teradmin_id_seq', 16, true);


--
-- Name: users_notification_id_seq; Type: SEQUENCE SET; Schema: public; Owner: admin
--

SELECT pg_catalog.setval('public.users_notification_id_seq', 1, true);


--
-- Name: users_user_groups_id_seq; Type: SEQUENCE SET; Schema: public; Owner: admin
--

SELECT pg_catalog.setval('public.users_user_groups_id_seq', 6, true);


--
-- Name: users_user_id_seq; Type: SEQUENCE SET; Schema: public; Owner: admin
--

SELECT pg_catalog.setval('public.users_user_id_seq', 7, true);


--
-- Name: users_user_user_permissions_id_seq; Type: SEQUENCE SET; Schema: public; Owner: admin
--

SELECT pg_catalog.setval('public.users_user_user_permissions_id_seq', 1, false);


--
-- Name: auth_group auth_group_name_key; Type: CONSTRAINT; Schema: public; Owner: admin
--

ALTER TABLE ONLY public.auth_group
    ADD CONSTRAINT auth_group_name_key UNIQUE (name);


--
-- Name: auth_group_permissions auth_group_permissions_group_id_permission_id_0cd325b0_uniq; Type: CONSTRAINT; Schema: public; Owner: admin
--

ALTER TABLE ONLY public.auth_group_permissions
    ADD CONSTRAINT auth_group_permissions_group_id_permission_id_0cd325b0_uniq UNIQUE (group_id, permission_id);


--
-- Name: auth_group_permissions auth_group_permissions_pkey; Type: CONSTRAINT; Schema: public; Owner: admin
--

ALTER TABLE ONLY public.auth_group_permissions
    ADD CONSTRAINT auth_group_permissions_pkey PRIMARY KEY (id);


--
-- Name: auth_group auth_group_pkey; Type: CONSTRAINT; Schema: public; Owner: admin
--

ALTER TABLE ONLY public.auth_group
    ADD CONSTRAINT auth_group_pkey PRIMARY KEY (id);


--
-- Name: auth_permission auth_permission_content_type_id_codename_01ab375a_uniq; Type: CONSTRAINT; Schema: public; Owner: admin
--

ALTER TABLE ONLY public.auth_permission
    ADD CONSTRAINT auth_permission_content_type_id_codename_01ab375a_uniq UNIQUE (content_type_id, codename);


--
-- Name: auth_permission auth_permission_pkey; Type: CONSTRAINT; Schema: public; Owner: admin
--

ALTER TABLE ONLY public.auth_permission
    ADD CONSTRAINT auth_permission_pkey PRIMARY KEY (id);


--
-- Name: django_admin_log django_admin_log_pkey; Type: CONSTRAINT; Schema: public; Owner: admin
--

ALTER TABLE ONLY public.django_admin_log
    ADD CONSTRAINT django_admin_log_pkey PRIMARY KEY (id);


--
-- Name: django_content_type django_content_type_app_label_model_76bd3d3b_uniq; Type: CONSTRAINT; Schema: public; Owner: admin
--

ALTER TABLE ONLY public.django_content_type
    ADD CONSTRAINT django_content_type_app_label_model_76bd3d3b_uniq UNIQUE (app_label, model);


--
-- Name: django_content_type django_content_type_pkey; Type: CONSTRAINT; Schema: public; Owner: admin
--

ALTER TABLE ONLY public.django_content_type
    ADD CONSTRAINT django_content_type_pkey PRIMARY KEY (id);


--
-- Name: django_migrations django_migrations_pkey; Type: CONSTRAINT; Schema: public; Owner: admin
--

ALTER TABLE ONLY public.django_migrations
    ADD CONSTRAINT django_migrations_pkey PRIMARY KEY (id);


--
-- Name: django_session django_session_pkey; Type: CONSTRAINT; Schema: public; Owner: admin
--

ALTER TABLE ONLY public.django_session
    ADD CONSTRAINT django_session_pkey PRIMARY KEY (session_key);


--
-- Name: reports_answer reports_answer_pkey; Type: CONSTRAINT; Schema: public; Owner: admin
--

ALTER TABLE ONLY public.reports_answer
    ADD CONSTRAINT reports_answer_pkey PRIMARY KEY (id);


--
-- Name: reports_attachment reports_attachment_pkey; Type: CONSTRAINT; Schema: public; Owner: admin
--

ALTER TABLE ONLY public.reports_attachment
    ADD CONSTRAINT reports_attachment_pkey PRIMARY KEY (id);


--
-- Name: reports_field reports_field_pkey; Type: CONSTRAINT; Schema: public; Owner: admin
--

ALTER TABLE ONLY public.reports_field
    ADD CONSTRAINT reports_field_pkey PRIMARY KEY (id);


--
-- Name: reports_option reports_option_pkey; Type: CONSTRAINT; Schema: public; Owner: admin
--

ALTER TABLE ONLY public.reports_option
    ADD CONSTRAINT reports_option_pkey PRIMARY KEY (id);


--
-- Name: reports_question reports_question_pkey; Type: CONSTRAINT; Schema: public; Owner: admin
--

ALTER TABLE ONLY public.reports_question
    ADD CONSTRAINT reports_question_pkey PRIMARY KEY (id);


--
-- Name: reports_rangeoption reports_rangeoption_pkey; Type: CONSTRAINT; Schema: public; Owner: admin
--

ALTER TABLE ONLY public.reports_rangeoption
    ADD CONSTRAINT reports_rangeoption_pkey PRIMARY KEY (id);


--
-- Name: reports_report reports_report_pkey; Type: CONSTRAINT; Schema: public; Owner: admin
--

ALTER TABLE ONLY public.reports_report
    ADD CONSTRAINT reports_report_pkey PRIMARY KEY (id);


--
-- Name: reports_reportfile reports_reportfile_pkey; Type: CONSTRAINT; Schema: public; Owner: admin
--

ALTER TABLE ONLY public.reports_reportfile
    ADD CONSTRAINT reports_reportfile_pkey PRIMARY KEY (id);


--
-- Name: reports_reportzone reports_reportzone_pkey; Type: CONSTRAINT; Schema: public; Owner: admin
--

ALTER TABLE ONLY public.reports_reportzone
    ADD CONSTRAINT reports_reportzone_pkey PRIMARY KEY (id);


--
-- Name: reports_schoolreport reports_schoolreport_pkey; Type: CONSTRAINT; Schema: public; Owner: admin
--

ALTER TABLE ONLY public.reports_schoolreport
    ADD CONSTRAINT reports_schoolreport_pkey PRIMARY KEY (id);


--
-- Name: reports_section reports_section_pkey; Type: CONSTRAINT; Schema: public; Owner: admin
--

ALTER TABLE ONLY public.reports_section
    ADD CONSTRAINT reports_section_pkey PRIMARY KEY (id);


--
-- Name: schools_school schools_school_ais_id_key; Type: CONSTRAINT; Schema: public; Owner: admin
--

ALTER TABLE ONLY public.schools_school
    ADD CONSTRAINT schools_school_ais_id_key UNIQUE (ais_id);


--
-- Name: schools_school schools_school_pkey; Type: CONSTRAINT; Schema: public; Owner: admin
--

ALTER TABLE ONLY public.schools_school
    ADD CONSTRAINT schools_school_pkey PRIMARY KEY (id);


--
-- Name: schools_school schools_school_principal_id_key; Type: CONSTRAINT; Schema: public; Owner: admin
--

ALTER TABLE ONLY public.schools_school
    ADD CONSTRAINT schools_school_principal_id_key UNIQUE (principal_id);


--
-- Name: schools_schoolcloster schools_schoolcloster_pkey; Type: CONSTRAINT; Schema: public; Owner: admin
--

ALTER TABLE ONLY public.schools_schoolcloster
    ADD CONSTRAINT schools_schoolcloster_pkey PRIMARY KEY (id);


--
-- Name: schools_schooltype schools_schooltype_pkey; Type: CONSTRAINT; Schema: public; Owner: admin
--

ALTER TABLE ONLY public.schools_schooltype
    ADD CONSTRAINT schools_schooltype_pkey PRIMARY KEY (id);


--
-- Name: schools_teradmin schools_teradmin_pkey; Type: CONSTRAINT; Schema: public; Owner: admin
--

ALTER TABLE ONLY public.schools_teradmin
    ADD CONSTRAINT schools_teradmin_pkey PRIMARY KEY (id);


--
-- Name: schools_teradmin schools_teradmin_representative_id_key; Type: CONSTRAINT; Schema: public; Owner: admin
--

ALTER TABLE ONLY public.schools_teradmin
    ADD CONSTRAINT schools_teradmin_representative_id_key UNIQUE (representative_id);


--
-- Name: users_group users_group_pkey; Type: CONSTRAINT; Schema: public; Owner: admin
--

ALTER TABLE ONLY public.users_group
    ADD CONSTRAINT users_group_pkey PRIMARY KEY (group_ptr_id);


--
-- Name: users_notification users_notification_pkey; Type: CONSTRAINT; Schema: public; Owner: admin
--

ALTER TABLE ONLY public.users_notification
    ADD CONSTRAINT users_notification_pkey PRIMARY KEY (id);


--
-- Name: users_permission users_permission_pkey; Type: CONSTRAINT; Schema: public; Owner: admin
--

ALTER TABLE ONLY public.users_permission
    ADD CONSTRAINT users_permission_pkey PRIMARY KEY (permission_ptr_id);


--
-- Name: users_user users_user_email_key; Type: CONSTRAINT; Schema: public; Owner: admin
--

ALTER TABLE ONLY public.users_user
    ADD CONSTRAINT users_user_email_key UNIQUE (email);


--
-- Name: users_user_groups users_user_groups_pkey; Type: CONSTRAINT; Schema: public; Owner: admin
--

ALTER TABLE ONLY public.users_user_groups
    ADD CONSTRAINT users_user_groups_pkey PRIMARY KEY (id);


--
-- Name: users_user_groups users_user_groups_user_id_group_id_b88eab82_uniq; Type: CONSTRAINT; Schema: public; Owner: admin
--

ALTER TABLE ONLY public.users_user_groups
    ADD CONSTRAINT users_user_groups_user_id_group_id_b88eab82_uniq UNIQUE (user_id, group_id);


--
-- Name: users_user users_user_pkey; Type: CONSTRAINT; Schema: public; Owner: admin
--

ALTER TABLE ONLY public.users_user
    ADD CONSTRAINT users_user_pkey PRIMARY KEY (id);


--
-- Name: users_user_user_permissions users_user_user_permissions_pkey; Type: CONSTRAINT; Schema: public; Owner: admin
--

ALTER TABLE ONLY public.users_user_user_permissions
    ADD CONSTRAINT users_user_user_permissions_pkey PRIMARY KEY (id);


--
-- Name: users_user_user_permissions users_user_user_permissions_user_id_permission_id_43338c45_uniq; Type: CONSTRAINT; Schema: public; Owner: admin
--

ALTER TABLE ONLY public.users_user_user_permissions
    ADD CONSTRAINT users_user_user_permissions_user_id_permission_id_43338c45_uniq UNIQUE (user_id, permission_id);


--
-- Name: auth_group_name_a6ea08ec_like; Type: INDEX; Schema: public; Owner: admin
--

CREATE INDEX auth_group_name_a6ea08ec_like ON public.auth_group USING btree (name varchar_pattern_ops);


--
-- Name: auth_group_permissions_group_id_b120cbf9; Type: INDEX; Schema: public; Owner: admin
--

CREATE INDEX auth_group_permissions_group_id_b120cbf9 ON public.auth_group_permissions USING btree (group_id);


--
-- Name: auth_group_permissions_permission_id_84c5c92e; Type: INDEX; Schema: public; Owner: admin
--

CREATE INDEX auth_group_permissions_permission_id_84c5c92e ON public.auth_group_permissions USING btree (permission_id);


--
-- Name: auth_permission_content_type_id_2f476e4b; Type: INDEX; Schema: public; Owner: admin
--

CREATE INDEX auth_permission_content_type_id_2f476e4b ON public.auth_permission USING btree (content_type_id);


--
-- Name: django_admin_log_content_type_id_c4bce8eb; Type: INDEX; Schema: public; Owner: admin
--

CREATE INDEX django_admin_log_content_type_id_c4bce8eb ON public.django_admin_log USING btree (content_type_id);


--
-- Name: django_admin_log_user_id_c564eba6; Type: INDEX; Schema: public; Owner: admin
--

CREATE INDEX django_admin_log_user_id_c564eba6 ON public.django_admin_log USING btree (user_id);


--
-- Name: django_session_expire_date_a5c62663; Type: INDEX; Schema: public; Owner: admin
--

CREATE INDEX django_session_expire_date_a5c62663 ON public.django_session USING btree (expire_date);


--
-- Name: django_session_session_key_c0390e0f_like; Type: INDEX; Schema: public; Owner: admin
--

CREATE INDEX django_session_session_key_c0390e0f_like ON public.django_session USING btree (session_key varchar_pattern_ops);


--
-- Name: reports_answer_option_id_4dd6de6f; Type: INDEX; Schema: public; Owner: admin
--

CREATE INDEX reports_answer_option_id_4dd6de6f ON public.reports_answer USING btree (option_id);


--
-- Name: reports_answer_question_id_c9cc93b5; Type: INDEX; Schema: public; Owner: admin
--

CREATE INDEX reports_answer_question_id_c9cc93b5 ON public.reports_answer USING btree (question_id);


--
-- Name: reports_answer_s_report_id_114653b2; Type: INDEX; Schema: public; Owner: admin
--

CREATE INDEX reports_answer_s_report_id_114653b2 ON public.reports_answer USING btree (s_report_id);


--
-- Name: reports_attachment_report_id_74b94dae; Type: INDEX; Schema: public; Owner: admin
--

CREATE INDEX reports_attachment_report_id_74b94dae ON public.reports_attachment USING btree (report_id);


--
-- Name: reports_field_section_id_0735ae04; Type: INDEX; Schema: public; Owner: admin
--

CREATE INDEX reports_field_section_id_0735ae04 ON public.reports_field USING btree (section_id);


--
-- Name: reports_option_question_id_30055ebe; Type: INDEX; Schema: public; Owner: admin
--

CREATE INDEX reports_option_question_id_30055ebe ON public.reports_option USING btree (question_id);


--
-- Name: reports_question_field_id_ee93227e; Type: INDEX; Schema: public; Owner: admin
--

CREATE INDEX reports_question_field_id_ee93227e ON public.reports_question USING btree (field_id);


--
-- Name: reports_rangeoption_question_id_2173b89a; Type: INDEX; Schema: public; Owner: admin
--

CREATE INDEX reports_rangeoption_question_id_2173b89a ON public.reports_rangeoption USING btree (question_id);


--
-- Name: reports_reportfile_attachment_id_89a619b5; Type: INDEX; Schema: public; Owner: admin
--

CREATE INDEX reports_reportfile_attachment_id_89a619b5 ON public.reports_reportfile USING btree (attachment_id);


--
-- Name: reports_reportfile_s_report_id_bca5dbcd; Type: INDEX; Schema: public; Owner: admin
--

CREATE INDEX reports_reportfile_s_report_id_bca5dbcd ON public.reports_reportfile USING btree (s_report_id);


--
-- Name: reports_reportzone_closter_id_6681b066; Type: INDEX; Schema: public; Owner: admin
--

CREATE INDEX reports_reportzone_closter_id_6681b066 ON public.reports_reportzone USING btree (closter_id);


--
-- Name: reports_reportzone_report_id_443c8596; Type: INDEX; Schema: public; Owner: admin
--

CREATE INDEX reports_reportzone_report_id_443c8596 ON public.reports_reportzone USING btree (report_id);


--
-- Name: reports_schoolreport_report_id_d336308f; Type: INDEX; Schema: public; Owner: admin
--

CREATE INDEX reports_schoolreport_report_id_d336308f ON public.reports_schoolreport USING btree (report_id);


--
-- Name: reports_schoolreport_school_id_65448086; Type: INDEX; Schema: public; Owner: admin
--

CREATE INDEX reports_schoolreport_school_id_65448086 ON public.reports_schoolreport USING btree (school_id);


--
-- Name: reports_section_report_id_baa90b8e; Type: INDEX; Schema: public; Owner: admin
--

CREATE INDEX reports_section_report_id_baa90b8e ON public.reports_section USING btree (report_id);


--
-- Name: schools_school_school_type_id_407fea9b; Type: INDEX; Schema: public; Owner: admin
--

CREATE INDEX schools_school_school_type_id_407fea9b ON public.schools_school USING btree (school_type_id);


--
-- Name: schools_school_ter_admin_id_4327d204; Type: INDEX; Schema: public; Owner: admin
--

CREATE INDEX schools_school_ter_admin_id_4327d204 ON public.schools_school USING btree (ter_admin_id);


--
-- Name: schools_school_сloster_id_b9f6a5b7; Type: INDEX; Schema: public; Owner: admin
--

CREATE INDEX "schools_school_сloster_id_b9f6a5b7" ON public.schools_school USING btree (closter_id);


--
-- Name: users_notification_user_id_fed360c8; Type: INDEX; Schema: public; Owner: admin
--

CREATE INDEX users_notification_user_id_fed360c8 ON public.users_notification USING btree (user_id);


--
-- Name: users_user_email_243f6e77_like; Type: INDEX; Schema: public; Owner: admin
--

CREATE INDEX users_user_email_243f6e77_like ON public.users_user USING btree (email varchar_pattern_ops);


--
-- Name: users_user_groups_group_id_9afc8d0e; Type: INDEX; Schema: public; Owner: admin
--

CREATE INDEX users_user_groups_group_id_9afc8d0e ON public.users_user_groups USING btree (group_id);


--
-- Name: users_user_groups_user_id_5f6f5a90; Type: INDEX; Schema: public; Owner: admin
--

CREATE INDEX users_user_groups_user_id_5f6f5a90 ON public.users_user_groups USING btree (user_id);


--
-- Name: users_user_user_permissions_permission_id_0b93982e; Type: INDEX; Schema: public; Owner: admin
--

CREATE INDEX users_user_user_permissions_permission_id_0b93982e ON public.users_user_user_permissions USING btree (permission_id);


--
-- Name: users_user_user_permissions_user_id_20aca447; Type: INDEX; Schema: public; Owner: admin
--

CREATE INDEX users_user_user_permissions_user_id_20aca447 ON public.users_user_user_permissions USING btree (user_id);


--
-- Name: auth_group_permissions auth_group_permissio_permission_id_84c5c92e_fk_auth_perm; Type: FK CONSTRAINT; Schema: public; Owner: admin
--

ALTER TABLE ONLY public.auth_group_permissions
    ADD CONSTRAINT auth_group_permissio_permission_id_84c5c92e_fk_auth_perm FOREIGN KEY (permission_id) REFERENCES public.auth_permission(id) DEFERRABLE INITIALLY DEFERRED;


--
-- Name: auth_group_permissions auth_group_permissions_group_id_b120cbf9_fk_auth_group_id; Type: FK CONSTRAINT; Schema: public; Owner: admin
--

ALTER TABLE ONLY public.auth_group_permissions
    ADD CONSTRAINT auth_group_permissions_group_id_b120cbf9_fk_auth_group_id FOREIGN KEY (group_id) REFERENCES public.auth_group(id) DEFERRABLE INITIALLY DEFERRED;


--
-- Name: auth_permission auth_permission_content_type_id_2f476e4b_fk_django_co; Type: FK CONSTRAINT; Schema: public; Owner: admin
--

ALTER TABLE ONLY public.auth_permission
    ADD CONSTRAINT auth_permission_content_type_id_2f476e4b_fk_django_co FOREIGN KEY (content_type_id) REFERENCES public.django_content_type(id) DEFERRABLE INITIALLY DEFERRED;


--
-- Name: django_admin_log django_admin_log_content_type_id_c4bce8eb_fk_django_co; Type: FK CONSTRAINT; Schema: public; Owner: admin
--

ALTER TABLE ONLY public.django_admin_log
    ADD CONSTRAINT django_admin_log_content_type_id_c4bce8eb_fk_django_co FOREIGN KEY (content_type_id) REFERENCES public.django_content_type(id) DEFERRABLE INITIALLY DEFERRED;


--
-- Name: django_admin_log django_admin_log_user_id_c564eba6_fk_users_user_id; Type: FK CONSTRAINT; Schema: public; Owner: admin
--

ALTER TABLE ONLY public.django_admin_log
    ADD CONSTRAINT django_admin_log_user_id_c564eba6_fk_users_user_id FOREIGN KEY (user_id) REFERENCES public.users_user(id) DEFERRABLE INITIALLY DEFERRED;


--
-- Name: reports_answer reports_answer_option_id_4dd6de6f_fk_reports_option_id; Type: FK CONSTRAINT; Schema: public; Owner: admin
--

ALTER TABLE ONLY public.reports_answer
    ADD CONSTRAINT reports_answer_option_id_4dd6de6f_fk_reports_option_id FOREIGN KEY (option_id) REFERENCES public.reports_option(id) DEFERRABLE INITIALLY DEFERRED;


--
-- Name: reports_answer reports_answer_question_id_c9cc93b5_fk_reports_question_id; Type: FK CONSTRAINT; Schema: public; Owner: admin
--

ALTER TABLE ONLY public.reports_answer
    ADD CONSTRAINT reports_answer_question_id_c9cc93b5_fk_reports_question_id FOREIGN KEY (question_id) REFERENCES public.reports_question(id) DEFERRABLE INITIALLY DEFERRED;


--
-- Name: reports_answer reports_answer_s_report_id_114653b2_fk_reports_schoolreport_id; Type: FK CONSTRAINT; Schema: public; Owner: admin
--

ALTER TABLE ONLY public.reports_answer
    ADD CONSTRAINT reports_answer_s_report_id_114653b2_fk_reports_schoolreport_id FOREIGN KEY (s_report_id) REFERENCES public.reports_schoolreport(id) DEFERRABLE INITIALLY DEFERRED;


--
-- Name: reports_attachment reports_attachment_report_id_74b94dae_fk_reports_report_id; Type: FK CONSTRAINT; Schema: public; Owner: admin
--

ALTER TABLE ONLY public.reports_attachment
    ADD CONSTRAINT reports_attachment_report_id_74b94dae_fk_reports_report_id FOREIGN KEY (report_id) REFERENCES public.reports_report(id) DEFERRABLE INITIALLY DEFERRED;


--
-- Name: reports_field reports_field_section_id_0735ae04_fk_reports_section_id; Type: FK CONSTRAINT; Schema: public; Owner: admin
--

ALTER TABLE ONLY public.reports_field
    ADD CONSTRAINT reports_field_section_id_0735ae04_fk_reports_section_id FOREIGN KEY (section_id) REFERENCES public.reports_section(id) DEFERRABLE INITIALLY DEFERRED;


--
-- Name: reports_option reports_option_question_id_30055ebe_fk_reports_question_id; Type: FK CONSTRAINT; Schema: public; Owner: admin
--

ALTER TABLE ONLY public.reports_option
    ADD CONSTRAINT reports_option_question_id_30055ebe_fk_reports_question_id FOREIGN KEY (question_id) REFERENCES public.reports_question(id) DEFERRABLE INITIALLY DEFERRED;


--
-- Name: reports_question reports_question_field_id_ee93227e_fk_reports_field_id; Type: FK CONSTRAINT; Schema: public; Owner: admin
--

ALTER TABLE ONLY public.reports_question
    ADD CONSTRAINT reports_question_field_id_ee93227e_fk_reports_field_id FOREIGN KEY (field_id) REFERENCES public.reports_field(id) DEFERRABLE INITIALLY DEFERRED;


--
-- Name: reports_rangeoption reports_rangeoption_question_id_2173b89a_fk_reports_question_id; Type: FK CONSTRAINT; Schema: public; Owner: admin
--

ALTER TABLE ONLY public.reports_rangeoption
    ADD CONSTRAINT reports_rangeoption_question_id_2173b89a_fk_reports_question_id FOREIGN KEY (question_id) REFERENCES public.reports_question(id) DEFERRABLE INITIALLY DEFERRED;


--
-- Name: reports_reportfile reports_reportfile_attachment_id_89a619b5_fk_reports_a; Type: FK CONSTRAINT; Schema: public; Owner: admin
--

ALTER TABLE ONLY public.reports_reportfile
    ADD CONSTRAINT reports_reportfile_attachment_id_89a619b5_fk_reports_a FOREIGN KEY (attachment_id) REFERENCES public.reports_attachment(id) DEFERRABLE INITIALLY DEFERRED;


--
-- Name: reports_reportfile reports_reportfile_s_report_id_bca5dbcd_fk_reports_s; Type: FK CONSTRAINT; Schema: public; Owner: admin
--

ALTER TABLE ONLY public.reports_reportfile
    ADD CONSTRAINT reports_reportfile_s_report_id_bca5dbcd_fk_reports_s FOREIGN KEY (s_report_id) REFERENCES public.reports_schoolreport(id) DEFERRABLE INITIALLY DEFERRED;


--
-- Name: reports_reportzone reports_reportzone_closter_id_6681b066_fk_schools_s; Type: FK CONSTRAINT; Schema: public; Owner: admin
--

ALTER TABLE ONLY public.reports_reportzone
    ADD CONSTRAINT reports_reportzone_closter_id_6681b066_fk_schools_s FOREIGN KEY (closter_id) REFERENCES public.schools_schoolcloster(id) DEFERRABLE INITIALLY DEFERRED;


--
-- Name: reports_reportzone reports_reportzone_report_id_443c8596_fk_reports_report_id; Type: FK CONSTRAINT; Schema: public; Owner: admin
--

ALTER TABLE ONLY public.reports_reportzone
    ADD CONSTRAINT reports_reportzone_report_id_443c8596_fk_reports_report_id FOREIGN KEY (report_id) REFERENCES public.reports_report(id) DEFERRABLE INITIALLY DEFERRED;


--
-- Name: reports_schoolreport reports_schoolreport_report_id_d336308f_fk_reports_report_id; Type: FK CONSTRAINT; Schema: public; Owner: admin
--

ALTER TABLE ONLY public.reports_schoolreport
    ADD CONSTRAINT reports_schoolreport_report_id_d336308f_fk_reports_report_id FOREIGN KEY (report_id) REFERENCES public.reports_report(id) DEFERRABLE INITIALLY DEFERRED;


--
-- Name: reports_schoolreport reports_schoolreport_school_id_65448086_fk_schools_school_id; Type: FK CONSTRAINT; Schema: public; Owner: admin
--

ALTER TABLE ONLY public.reports_schoolreport
    ADD CONSTRAINT reports_schoolreport_school_id_65448086_fk_schools_school_id FOREIGN KEY (school_id) REFERENCES public.schools_school(id) DEFERRABLE INITIALLY DEFERRED;


--
-- Name: reports_section reports_section_report_id_baa90b8e_fk_reports_report_id; Type: FK CONSTRAINT; Schema: public; Owner: admin
--

ALTER TABLE ONLY public.reports_section
    ADD CONSTRAINT reports_section_report_id_baa90b8e_fk_reports_report_id FOREIGN KEY (report_id) REFERENCES public.reports_report(id) DEFERRABLE INITIALLY DEFERRED;


--
-- Name: schools_school schools_school_closter_id_a217f72d_fk_schools_schoolcloster_id; Type: FK CONSTRAINT; Schema: public; Owner: admin
--

ALTER TABLE ONLY public.schools_school
    ADD CONSTRAINT schools_school_closter_id_a217f72d_fk_schools_schoolcloster_id FOREIGN KEY (closter_id) REFERENCES public.schools_schoolcloster(id) DEFERRABLE INITIALLY DEFERRED;


--
-- Name: schools_school schools_school_principal_id_bec1c41f_fk_users_user_id; Type: FK CONSTRAINT; Schema: public; Owner: admin
--

ALTER TABLE ONLY public.schools_school
    ADD CONSTRAINT schools_school_principal_id_bec1c41f_fk_users_user_id FOREIGN KEY (principal_id) REFERENCES public.users_user(id) DEFERRABLE INITIALLY DEFERRED;


--
-- Name: schools_school schools_school_school_type_id_407fea9b_fk_schools_schooltype_id; Type: FK CONSTRAINT; Schema: public; Owner: admin
--

ALTER TABLE ONLY public.schools_school
    ADD CONSTRAINT schools_school_school_type_id_407fea9b_fk_schools_schooltype_id FOREIGN KEY (school_type_id) REFERENCES public.schools_schooltype(id) DEFERRABLE INITIALLY DEFERRED;


--
-- Name: schools_school schools_school_ter_admin_id_4327d204_fk_schools_teradmin_id; Type: FK CONSTRAINT; Schema: public; Owner: admin
--

ALTER TABLE ONLY public.schools_school
    ADD CONSTRAINT schools_school_ter_admin_id_4327d204_fk_schools_teradmin_id FOREIGN KEY (ter_admin_id) REFERENCES public.schools_teradmin(id) DEFERRABLE INITIALLY DEFERRED;


--
-- Name: schools_teradmin schools_teradmin_representative_id_7c0931ae_fk_users_user_id; Type: FK CONSTRAINT; Schema: public; Owner: admin
--

ALTER TABLE ONLY public.schools_teradmin
    ADD CONSTRAINT schools_teradmin_representative_id_7c0931ae_fk_users_user_id FOREIGN KEY (representative_id) REFERENCES public.users_user(id) DEFERRABLE INITIALLY DEFERRED;


--
-- Name: users_group users_group_group_ptr_id_37e2777e_fk_auth_group_id; Type: FK CONSTRAINT; Schema: public; Owner: admin
--

ALTER TABLE ONLY public.users_group
    ADD CONSTRAINT users_group_group_ptr_id_37e2777e_fk_auth_group_id FOREIGN KEY (group_ptr_id) REFERENCES public.auth_group(id) DEFERRABLE INITIALLY DEFERRED;


--
-- Name: users_notification users_notification_user_id_fed360c8_fk_users_user_id; Type: FK CONSTRAINT; Schema: public; Owner: admin
--

ALTER TABLE ONLY public.users_notification
    ADD CONSTRAINT users_notification_user_id_fed360c8_fk_users_user_id FOREIGN KEY (user_id) REFERENCES public.users_user(id) DEFERRABLE INITIALLY DEFERRED;


--
-- Name: users_permission users_permission_permission_ptr_id_d086fe54_fk_auth_perm; Type: FK CONSTRAINT; Schema: public; Owner: admin
--

ALTER TABLE ONLY public.users_permission
    ADD CONSTRAINT users_permission_permission_ptr_id_d086fe54_fk_auth_perm FOREIGN KEY (permission_ptr_id) REFERENCES public.auth_permission(id) DEFERRABLE INITIALLY DEFERRED;


--
-- Name: users_user_groups users_user_groups_group_id_9afc8d0e_fk_auth_group_id; Type: FK CONSTRAINT; Schema: public; Owner: admin
--

ALTER TABLE ONLY public.users_user_groups
    ADD CONSTRAINT users_user_groups_group_id_9afc8d0e_fk_auth_group_id FOREIGN KEY (group_id) REFERENCES public.auth_group(id) DEFERRABLE INITIALLY DEFERRED;


--
-- Name: users_user_groups users_user_groups_user_id_5f6f5a90_fk_users_user_id; Type: FK CONSTRAINT; Schema: public; Owner: admin
--

ALTER TABLE ONLY public.users_user_groups
    ADD CONSTRAINT users_user_groups_user_id_5f6f5a90_fk_users_user_id FOREIGN KEY (user_id) REFERENCES public.users_user(id) DEFERRABLE INITIALLY DEFERRED;


--
-- Name: users_user_user_permissions users_user_user_perm_permission_id_0b93982e_fk_auth_perm; Type: FK CONSTRAINT; Schema: public; Owner: admin
--

ALTER TABLE ONLY public.users_user_user_permissions
    ADD CONSTRAINT users_user_user_perm_permission_id_0b93982e_fk_auth_perm FOREIGN KEY (permission_id) REFERENCES public.auth_permission(id) DEFERRABLE INITIALLY DEFERRED;


--
-- Name: users_user_user_permissions users_user_user_permissions_user_id_20aca447_fk_users_user_id; Type: FK CONSTRAINT; Schema: public; Owner: admin
--

ALTER TABLE ONLY public.users_user_user_permissions
    ADD CONSTRAINT users_user_user_permissions_user_id_20aca447_fk_users_user_id FOREIGN KEY (user_id) REFERENCES public.users_user(id) DEFERRABLE INITIALLY DEFERRED;


--
-- PostgreSQL database dump complete
--

